IS Number,Review Due,Overdue,Collected
IS 1000,2030-12-15,No,2026-09-11
IS 10000 (Part 1),2030-05-30,No,2026-09-11
IS 10002,2026-07-31,Yes,2026-09-11
IS 10011,2027-12-31,No,2026-09-11
IS 10027,2028-07-31,No,2026-09-11
IS 10028,2026-07-31,Yes,2026-09-11
IS 1003 (Part 1),2028-08-31,No,2026-09-11
IS 10037 (Part 1),2027-11-30,No,2026-09-11
IS 10086,2030-12-04,No,2026-09-11
IS 101 (Part 1/Sec 1),2028-07-31,No,2026-09-11
IS 10108,2030-05-31,No,2026-09-11
IS 10109,2028-03-31,No,2026-09-11
IS 10116,2029-04-30,No,2026-09-11
IS 10118 (Part 1),2029-09-30,No,2026-09-11
IS 10118 (Part 2),2029-09-30,No,2026-09-11
IS 10118 (Part 3),2029-09-30,No,2026-09-11
IS 10118 (Part 4),2029-09-30,No,2026-09-11
IS 10124 (Part 1),2028-05-30,No,2026-09-11
IS 10124 (Part 10),2028-05-30,No,2026-09-11
IS 10124 (Part 11),2028-05-30,No,2026-09-11
IS 10124 (Part 12),2028-05-30,No,2026-09-11
IS 10124 (Part 13),2028-05-30,No,2026-09-11
IS 10124 (Part 2),2028-05-30,No,2026-09-11
IS 10124 (Part 3),2028-05-30,No,2026-09-11
IS 10124 (Part 4),2028-05-30,No,2026-09-11
IS 10124 (Part 5),2028-05-30,No,2026-09-11
IS 10124 (Part 6),2028-05-30,No,2026-09-11
IS 10124 (Part 7),2028-05-30,No,2026-09-11
IS 10124 (Part 8),2028-05-30,No,2026-09-11
IS 10124 (Part 9),2028-05-30,No,2026-09-11
IS 10146,2028-08-31,No,2026-09-11
IS 10151,2029-03-31,No,2026-09-11
IS 10178,2029-02-28,No,2026-09-11
IS 1019,2027-01-31,No,2026-09-11
IS 10192,2030-12-31,No,2026-09-11
IS 10221,2031-03-27,No,2026-09-11
IS 10234,2028-05-25,No,2026-09-11
IS 10238,2030-06-25,No,2026-09-11
IS 1024,2030-04-30,No,2026-09-11
IS 10242,2029-01-01,No,2026-09-11
IS 10242 (Part 1/Sec 1),2029-01-01,No,2026-09-11
IS 10242 (Part 2/Sec 1),2029-01-01,No,2026-09-11
IS 10242 (Part 2/Sec 2),2029-01-01,No,2026-09-11
IS 10242 (Part 2/Sec 4),2029-01-01,No,2026-09-11
IS 10242 (Part 3/Sec 1),2029-01-01,No,2026-09-11
IS 10242 (Part 3/Sec 10),2029-01-01,No,2026-09-11
IS 10242 (Part 3/Sec 11),2029-01-01,No,2026-09-11
IS 10242 (Part 3/Sec 12),2029-01-01,No,2026-09-11
IS 10242 (Part 3/Sec 13),2029-01-01,No,2026-09-11
IS 10242 (Part 3/Sec 19),2029-01-01,No,2026-09-11
IS 10242 (Part 3/Sec 2),2029-01-01,No,2026-09-11
IS 10242 (Part 3/Sec 23),2029-01-01,No,2026-09-11
IS 10242 (Part 3/Sec 24),2029-01-01,No,2026-09-11
IS 10242 (Part 3/Sec 25),2029-01-01,No,2026-09-11
IS 10242 (Part 3/Sec 26),2029-01-01,No,2026-09-11
IS 10242 (Part 3/Sec 3),2029-01-01,No,2026-09-11
IS 10242 (Part 3/Sec 4),2029-01-01,No,2026-09-11
IS 10242 (Part 3/Sec 5),2029-01-01,No,2026-09-11
IS 10242 (Part 3/Sec 6),2029-01-01,No,2026-09-11
IS 10242 (Part 3/Sec 7),2029-01-01,No,2026-09-11
IS 10242 (Part 4),2029-01-01,No,2026-09-11
IS 10242 (Part 5/Sec 1),2029-01-01,No,2026-09-11
IS 10242 (Part 5/Sec 2),2029-01-01,No,2026-09-11
IS 10242 (Part 5/Sec 3),2029-01-01,No,2026-09-11
IS 10242 (Part 5/Sec 4),2029-01-01,No,2026-09-11
IS 10261,2031-02-13,No,2026-09-11
IS 10262,2028-11-30,No,2026-09-11
IS 10270,2028-11-30,No,2026-09-11
IS 10276 (Part 1),2029-07-31,No,2026-09-11
IS 10276 (Part 2),2029-07-31,No,2026-09-11
IS 1029,2029-03-31,No,2026-09-11
IS 10297,2028-11-30,No,2026-09-11
IS 1030,2027-01-31,No,2026-09-11
IS 10314,2026-01-31,Yes,2026-09-11
IS 10322 (Part 1),2030-01-31,No,2026-09-11
IS 10322 (Part 2),2030-01-31,No,2026-09-11
IS 10322 (Part 3),2030-01-31,No,2026-09-11
IS 10322 (Part 4),2030-01-31,No,2026-09-11
IS 10322 (Part 5/Sec 1),2030-01-31,No,2026-09-11
IS 10322 (Part 5/Sec 2),2030-01-31,No,2026-09-11
IS 10322 (Part 5/Sec 3),2030-01-31,No,2026-09-11
IS 10322 (Part 5/Sec 4),2030-01-31,No,2026-09-11
IS 10322 (Part 5/Sec 5),2030-01-31,No,2026-09-11
IS 10325,2027-04-01,No,2026-09-11
IS 10346,2028-10-31,No,2026-09-11
IS 1038,2027-01-31,No,2026-09-11
IS 104,2031-06-22,No,2026-09-11
IS 10418,2029-01-31,No,2026-09-11
IS 10435 (Part 1),2026-11-30,No,2026-09-11
IS 10446,2027-02-28,No,2026-09-11
IS 10462 (Part 1),2026-11-30,No,2026-09-11
IS 10462 (Part 2),2026-11-30,No,2026-09-11
IS 10500,2028-08-31,No,2026-09-11
IS 10552,2031-02-13,No,2026-09-11
IS 10553 (Part 2),2027-11-30,No,2026-09-11
IS 10566,2030-09-17,No,2026-09-11
IS 10593,2028-04-30,No,2026-09-11
IS 10606,2026-11-30,No,2026-09-11
IS 10617,2027-05-12,No,2026-09-11
IS 10631,2029-04-30,No,2026-09-11
IS 10632 (Part 1),2029-04-30,No,2026-09-11
IS 10632 (Part 2),2029-04-30,No,2026-09-11
IS 10632 (Part 3),2029-04-30,No,2026-09-11
IS 1068,2030-03-31,No,2026-09-11
IS 1069,2030-12-01,No,2026-09-11
IS 10701,2027-03-31,No,2026-09-11
IS 10702,2030-10-17,No,2026-09-11
IS 10748,2030-12-10,No,2026-09-11
IS 1077,2030-09-30,No,2026-09-11
IS 10773,2030-11-28,No,2026-09-11
IS 1079,2027-03-31,No,2026-09-11
IS 10794,2027-03-31,No,2026-09-11
IS 1081,2027-01-31,No,2026-09-11
IS 10810 (Part 0),2026-11-30,No,2026-09-11
IS 10810 (Part 1),2026-11-30,No,2026-09-11
IS 10810 (Part 10),2026-11-30,No,2026-09-11
IS 10810 (Part 11),2026-11-30,No,2026-09-11
IS 10810 (Part 12),2026-11-30,No,2026-09-11
IS 10810 (Part 13),2026-11-30,No,2026-09-11
IS 10810 (Part 14),2026-11-30,No,2026-09-11
IS 10810 (Part 15),2026-11-30,No,2026-09-11
IS 10810 (Part 16),2026-11-30,No,2026-09-11
IS 10810 (Part 17),2026-11-30,No,2026-09-11
IS 10810 (Part 19),2026-11-30,No,2026-09-11
IS 10810 (Part 2),2026-11-30,No,2026-09-11
IS 10810 (Part 20),2026-11-30,No,2026-09-11
IS 10810 (Part 21),2026-11-30,No,2026-09-11
IS 10810 (Part 22),2026-11-30,No,2026-09-11
IS 10810 (Part 23),2026-11-30,No,2026-09-11
IS 10810 (Part 24),2026-11-30,No,2026-09-11
IS 10810 (Part 25),2026-11-30,No,2026-09-11
IS 10810 (Part 26),2026-11-30,No,2026-09-11
IS 10810 (Part 27),2026-11-30,No,2026-09-11
IS 10810 (Part 28),2026-11-30,No,2026-09-11
IS 10810 (Part 29),2026-11-30,No,2026-09-11
IS 10810 (Part 3),2026-11-30,No,2026-09-11
IS 10810 (Part 30),2026-11-30,No,2026-09-11
IS 10810 (Part 31),2026-11-30,No,2026-09-11
IS 10810 (Part 32),2026-11-30,No,2026-09-11
IS 10810 (Part 33),2026-11-30,No,2026-09-11
IS 10810 (Part 34),2026-11-30,No,2026-09-11
IS 10810 (Part 35),2026-11-30,No,2026-09-11
IS 10810 (Part 36),2026-11-30,No,2026-09-11
IS 10810 (Part 37),2026-11-30,No,2026-09-11
IS 10810 (Part 38),2026-11-30,No,2026-09-11
IS 10810 (Part 39),2026-11-30,No,2026-09-11
IS 10810 (Part 4),2026-11-30,No,2026-09-11
IS 10810 (Part 40),2026-11-30,No,2026-09-11
IS 10810 (Part 41),2026-11-30,No,2026-09-11
IS 10810 (Part 42),2026-11-30,No,2026-09-11
IS 10810 (Part 43),2026-11-30,No,2026-09-11
IS 10810 (Part 44),2026-11-30,No,2026-09-11
IS 10810 (Part 45),2026-11-30,No,2026-09-11
IS 10810 (Part 46),2026-11-30,No,2026-09-11
IS 10810 (Part 47),2026-11-30,No,2026-09-11
IS 10810 (Part 48),2026-11-30,No,2026-09-11
IS 10810 (Part 49),2026-11-30,No,2026-09-11
IS 10810 (Part 5),2026-11-30,No,2026-09-11
IS 10810 (Part 50),2026-11-30,No,2026-09-11
IS 10810 (Part 51),2026-11-30,No,2026-09-11
IS 10810 (Part 52),2026-11-30,No,2026-09-11
IS 10810 (Part 53),2026-11-30,No,2026-09-11
IS 10810 (Part 54),2026-11-30,No,2026-09-11
IS 10810 (Part 55),2026-11-30,No,2026-09-11
IS 10810 (Part 56),2026-11-30,No,2026-09-11
IS 10810 (Part 57),2026-11-30,No,2026-09-11
IS 10810 (Part 58),2026-11-30,No,2026-09-11
IS 10810 (Part 59),2026-11-30,No,2026-09-11
IS 10810 (Part 6),2026-11-30,No,2026-09-11
IS 10810 (Part 60),2026-11-30,No,2026-09-11
IS 10810 (Part 61),2026-11-30,No,2026-09-11
IS 10810 (Part 62),2026-11-30,No,2026-09-11
IS 10810 (Part 63),2026-11-30,No,2026-09-11
IS 10810 (Part 64),2026-11-30,No,2026-09-11
IS 10810 (Part 7),2026-11-30,No,2026-09-11
IS 10810 (Part 8),2026-11-30,No,2026-09-11
IS 10810 (Part 9),2026-11-30,No,2026-09-11
IS 1084,2031-02-27,No,2026-09-11
IS 10877,2026-11-30,No,2026-09-11
IS 10894,2031-02-26,No,2026-09-11
IS 10910,2028-08-31,No,2026-09-11
IS 10918,2030-11-18,No,2026-09-11
IS 10931,2028-04-30,No,2026-09-11
IS 10947,2031-02-28,No,2026-09-11
IS 10951,2029-08-29,No,2026-09-11
IS 11037,2030-01-31,No,2026-09-11
IS 11066,2027-03-31,No,2026-09-11
IS 11071 (Part 1),2026-05-31,Yes,2026-09-11
IS 11071 (Part 2),2026-05-31,Yes,2026-09-11
IS 11071 (Part 3),2026-05-31,Yes,2026-09-11
IS 11071 (Part 4),2026-05-31,Yes,2026-09-11
IS 1110,2028-03-31,No,2026-09-11
IS 11101,2027-09-30,No,2026-09-11
IS 11108,2030-06-20,No,2026-09-11
IS 11116,2030-11-10,No,2026-09-11
IS 11143,2029-08-31,No,2026-09-11
IS 11149,2029-11-30,No,2026-09-11
IS 11169 (Part 1),2027-03-31,No,2026-09-11
IS 11169 (Part 2),2027-03-31,No,2026-09-11
IS 1117,2028-11-30,No,2026-09-11
IS 1118,2029-04-30,No,2026-09-11
IS 11189,2030-03-31,No,2026-09-11
IS 1120,2030-06-25,No,2026-09-11
IS 11226,2028-05-31,No,2026-09-11
IS 1124,2027-12-31,No,2026-09-11
IS 11329,2030-11-06,No,2026-09-11
IS 11346,2027-12-31,No,2026-09-11
IS 11353,2028-05-31,No,2026-09-11
IS 11355,2022-07-31,Yes,2026-09-11
IS 11356,2030-05-02,No,2026-09-11
IS 11356 (Part 1),2030-05-02,No,2026-09-11
IS 11360,2025-12-31,Yes,2026-09-11
IS 11375,2031-01-21,No,2026-09-11
IS 11384,2027-03-31,No,2026-09-11
IS 11447,2028-11-30,No,2026-09-11
IS 1146,2029-11-30,No,2026-09-11
IS 11472 (Part 1),2023-03-31,Yes,2026-09-11
IS 11472 (Part 2),2023-03-31,Yes,2026-09-11
IS 1148,2026-11-30,No,2026-09-11
IS 11513,2027-03-31,No,2026-09-11
IS 11536,2027-03-31,No,2026-09-11
IS 1155,2027-03-31,No,2026-09-11
IS 11551,2029-01-31,No,2026-09-11
IS 11557,2031-02-27,No,2026-09-11
IS 11587,2027-01-01,No,2026-09-11
IS 11606,2029-12-31,No,2026-09-11
IS 1161,2029-06-30,No,2026-09-11
IS 1165,2030-12-15,No,2026-09-11
IS 11652,2031-01-20,No,2026-09-11
IS 11654 (Part 3/Sec 1),2029-04-30,No,2026-09-11
IS 11656,2029-04-30,No,2026-09-11
IS 11657,2030-11-17,No,2026-09-11
IS 1166,2030-12-15,No,2026-09-11
IS 11682,2027-04-30,No,2026-09-11
IS 1169,2031-01-16,No,2026-09-11
IS 1170,2031-01-05,No,2026-09-11
IS 1171,2026-01-01,Yes,2026-09-11
IS 1172,2027-11-30,No,2026-09-11
IS 1173,2030-03-31,No,2026-09-11
IS 11731 (Part 1),2026-04-30,Yes,2026-09-11
IS 11744,2029-04-30,No,2026-09-11
IS 1179,2029-01-31,No,2026-09-11
IS 11790,2029-07-31,No,2026-09-11
IS 1180,2030-05-31,No,2026-09-11
IS 1182,2030-10-16,No,2026-09-11
IS 11833,2027-09-30,No,2026-09-11
IS 11890,2027-03-31,No,2026-09-11
IS 11906,2027-11-30,No,2026-09-11
IS 11946,2028-03-31,No,2026-09-11
IS 11947,2028-03-31,No,2026-09-11
IS 11952,2029-04-30,No,2026-09-11
IS 11954,2028-12-31,No,2026-09-11
IS 11967 (Part 1/Sec 1),2028-12-11,No,2026-09-11
IS 11979,2031-05-29,No,2026-09-11
IS 11980,2022-03-31,Yes,2026-09-11
IS 1199,2028-11-30,No,2026-09-11
IS 11993,2028-06-30,No,2026-09-11
IS 1200 (Part 1),2027-09-30,No,2026-09-11
IS 1200 (Part 19),2027-09-30,No,2026-09-11
IS 1200 (Part 27),2027-09-30,No,2026-09-11
IS 12021,2030-11-01,No,2026-09-11
IS 12029,2031-01-07,No,2026-09-11
IS 12045,2030-07-31,No,2026-09-11
IS 12048,2028-03-31,No,2026-09-11
IS 12065,2030-01-31,No,2026-09-11
IS 12067,2028-04-30,No,2026-09-11
IS 12068,2027-09-30,No,2026-09-11
IS 12069,2028-04-30,No,2026-09-11
IS 12075,2029-10-31,No,2026-09-11
IS 12084,2028-11-30,No,2026-09-11
IS 12089,2028-06-30,No,2026-09-11
IS 12118 (Part 1),2028-03-31,No,2026-09-11
IS 12124,2028-04-30,No,2026-09-11
IS 12145,2029-04-30,No,2026-09-11
IS 12146,2030-12-23,No,2026-09-11
IS 12183 (Part 1),2029-08-31,No,2026-09-11
IS 12231,2028-05-30,No,2026-09-11
IS 12235 (Parts 1 to 19),2029-04-30,No,2026-09-11
IS 12251,2029-08-31,No,2026-09-11
IS 12254,2031-03-02,No,2026-09-11
IS 12262,2027-03-31,No,2026-09-11
IS 12288,2027-11-30,No,2026-09-11
IS 12290,2031-02-26,No,2026-09-11
IS 12291,2031-02-26,No,2026-09-11
IS 12309 (Part 1),2030-11-10,No,2026-09-11
IS 12309 (Part 2),2030-11-10,No,2026-09-11
IS 1231,2029-06-30,No,2026-09-11
IS 12330,2029-03-31,No,2026-09-11
IS 12334,2028-11-30,No,2026-09-11
IS 12345,2029-05-31,No,2026-09-11
IS 12349,2027-01-31,No,2026-09-11
IS 12360,2031-02-27,No,2026-09-11
IS 12361,2028-04-30,No,2026-09-11
IS 1239,2029-06-30,No,2026-09-11
IS 12402 (Part 1),2027-03-31,No,2026-09-11
IS 12406,2026-03-31,Yes,2026-09-11
IS 12407,2027-09-30,No,2026-09-11
IS 12427,2030-06-25,No,2026-09-11
IS 12433 (Part 1),2031-06-22,No,2026-09-11
IS 12449 (Part 1),2023-06-30,Yes,2026-09-11
IS 12449 (Part 2),2023-06-30,Yes,2026-09-11
IS 1246,2030-03-31,No,2026-09-11
IS 12469,2029-03-31,No,2026-09-11
IS 1248,2026-10-30,No,2026-09-11
IS 1254,2030-03-31,No,2026-09-11
IS 12540,2028-05-31,No,2026-09-11
IS 1255,2031-05-29,No,2026-09-11
IS 1258,2030-11-03,No,2026-09-11
IS 12585,2028-03-31,No,2026-09-11
IS 12591,2028-07-31,No,2026-09-11
IS 12592,2028-01-31,No,2026-09-11
IS 12594,2031-03-01,No,2026-09-11
IS 12600,2029-03-31,No,2026-09-11
IS 12615,2023-08-31,Yes,2026-09-11
IS 12640,2029-08-31,No,2026-09-11
IS 12650,2028-03-31,No,2026-09-11
IS 12672,2026-03-31,Yes,2026-09-11
IS 1269 (Part 1),2031-07-13,No,2026-09-11
IS 1269 (Part 2),2031-07-13,No,2026-09-11
IS 12701,2027-03-31,No,2026-09-11
IS 12709,2029-04-30,No,2026-09-11
IS 1271,2029-09-30,No,2026-09-11
IS 12717,2030-06-20,No,2026-09-11
IS 12762 (Part 1),2029-08-31,No,2026-09-11
IS 12778,2024-03-31,Yes,2026-09-11
IS 12786,2029-03-31,No,2026-09-11
IS 12795,2030-03-31,No,2026-09-11
IS 12817,2030-12-20,No,2026-09-11
IS 12818,2031-03-01,No,2026-09-11
IS 12820,2030-10-06,No,2026-09-11
IS 12823,2025-02-28,Yes,2026-09-11
IS 1284,2029-03-31,No,2026-09-11
IS 12843,2031-01-20,No,2026-09-11
IS 1285,2027-03-31,No,2026-09-11
IS 12866,2031-03-23,No,2026-09-11
IS 12894,2027-01-31,No,2026-09-11
IS 12897,2029-12-31,No,2026-09-11
IS 12909,2031-05-29,No,2026-09-11
IS 12928,2028-01-31,No,2026-09-11
IS 1293,2031-01-12,No,2026-09-11
IS 12933 (Part 1),2030-08-31,No,2026-09-11
IS 12943,2031-05-29,No,2026-09-11
IS 12948,2029-04-30,No,2026-09-11
IS 12992 (Part 1),2029-10-31,No,2026-09-11
IS 13000,2030-08-01,No,2026-09-11
IS 13008,2030-08-01,No,2026-09-11
IS 13010,2029-06-30,No,2026-09-11
IS 13021 (Part 1),2029-05-31,No,2026-09-11
IS 13021 (Part 2),2029-05-31,No,2026-09-11
IS 1303,2029-12-31,No,2026-09-11
IS 13032,2021-03-31,Yes,2026-09-11
IS 13039,2029-06-30,No,2026-09-11
IS 13095,2031-01-22,No,2026-09-11
IS 13098,2029-07-31,No,2026-09-11
IS 13104,2029-04-30,No,2026-09-11
IS 13134,2023-04-30,Yes,2026-09-11
IS 13183,2031-06-22,No,2026-09-11
IS 13213,2030-12-24,No,2026-09-11
IS 1322,2027-12-31,No,2026-09-11
IS 13234,2029-12-31,No,2026-09-11
IS 13235,2029-12-31,No,2026-09-11
IS 13262,2029-03-31,No,2026-09-11
IS 1328,2030-06-30,No,2026-09-11
IS 13311 (Part 2),2031-03-27,No,2026-09-11
IS 13313,2027-12-31,No,2026-09-11
IS 13334 (Part 1),2028-07-31,No,2026-09-11
IS 13334 (Part 2),2028-07-31,No,2026-09-11
IS 13340 (Part 1),2029-10-31,No,2026-09-11
IS 13349,2027-10-31,No,2026-09-11
IS 13352,2029-04-30,No,2026-09-11
IS 13360 (Part 6/Sec 1),2030-05-31,No,2026-09-11
IS 13382,2029-01-31,No,2026-09-11
IS 13383 (Part 1),2029-04-30,No,2026-09-11
IS 13383 (Part 2),2029-04-30,No,2026-09-11
IS 13383 (Part 3),2029-04-30,No,2026-09-11
IS 13387,2029-04-30,No,2026-09-11
IS 1340,2026-03-31,Yes,2026-09-11
IS 1341,2030-12-24,No,2026-09-11
IS 13410,2029-03-31,No,2026-09-11
IS 13411,2029-03-31,No,2026-09-11
IS 1342,2029-03-31,No,2026-09-11
IS 13428,2029-03-31,No,2026-09-11
IS 1343,2027-11-30,No,2026-09-11
IS 13497,2027-07-31,No,2026-09-11
IS 13573,2029-09-30,No,2026-09-11
IS 13573 (Part 1),2029-09-30,No,2026-09-11
IS 13573 (Part 2),2029-09-30,No,2026-09-11
IS 13573 (Part 3),2029-09-30,No,2026-09-11
IS 13585 (Part 1),2027-04-30,No,2026-09-11
IS 13592,2028-05-30,No,2026-09-11
IS 13593,2027-06-30,No,2026-09-11
IS 13601,2029-03-31,No,2026-09-11
IS 13620,2030-05-01,No,2026-09-11
IS 1363,2028-10-31,No,2026-09-11
IS 1364,2028-10-31,No,2026-09-11
IS 13656,2029-11-08,No,2026-09-11
IS 1367,2029-04-30,No,2026-09-11
IS 13703,2029-05-01,No,2026-09-11
IS 13705,2029-05-31,No,2026-09-11
IS 13713,2031-02-09,No,2026-09-11
IS 13730 (Part 0/Sec 1),2029-09-30,No,2026-09-11
IS 13730 (Part 3),2029-09-30,No,2026-09-11
IS 1374,2029-04-30,No,2026-09-11
IS 1377,2031-03-30,No,2026-09-11
IS 13774,2026-03-31,Yes,2026-09-11
IS 13779,2030-05-01,No,2026-09-11
IS 1381 (Part 1),2027-12-31,No,2026-09-11
IS 13827,2028-03-31,No,2026-09-11
IS 13828,2028-03-31,No,2026-09-11
IS 1387,2029-03-31,No,2026-09-11
IS 13871,2030-12-24,No,2026-09-11
IS 13893,2028-05-31,No,2026-09-11
IS 1390,2027-03-31,No,2026-09-11
IS 1391 (Part 1),2031-05-15,No,2026-09-11
IS 1391 (Part 2),2031-05-15,No,2026-09-11
IS 13916,2029-04-30,No,2026-09-11
IS 13920,2026-07-31,Yes,2026-09-11
IS 13925 (Part 1),2030-12-09,No,2026-09-11
IS 13942 (Part 1),2029-06-30,No,2026-09-11
IS 1395,2029-01-31,No,2026-09-11
IS 13952,2028-08-31,No,2026-09-11
IS 13983,2031-01-31,No,2026-09-11
IS 13995,2028-05-31,No,2026-09-11
IS 13997,2027-01-31,No,2026-09-11
IS 1400,2027-03-31,No,2026-09-11
IS 1415,2021-08-31,Yes,2026-09-11
IS 14151 (Part 1),2026-03-31,Yes,2026-09-11
IS 14182,2030-07-31,No,2026-09-11
IS 14220,2031-02-10,No,2026-09-11
IS 14221 (Part 1),2031-02-26,No,2026-09-11
IS 14246,2031-02-06,No,2026-09-11
IS 14252,2030-12-24,No,2026-09-11
IS 14255,2025-01-01,Yes,2026-09-11
IS 14261,2031-06-15,No,2026-09-11
IS 14268,2027-03-31,No,2026-09-11
IS 14286 (Part 1),2028-05-31,No,2026-09-11
IS 14329,2029-12-31,No,2026-09-11
IS 14331,2028-03-31,No,2026-09-11
IS 14333,2031-02-28,No,2026-09-11
IS 14340,2031-03-23,No,2026-09-11
IS 14352,2030-02-28,No,2026-09-11
IS 14375,2029-03-31,No,2026-09-11
IS 14402,2027-01-31,No,2026-09-11
IS 14407,2027-04-01,No,2026-09-11
IS 14433,2030-12-15,No,2026-09-11
IS 14434,2028-05-31,No,2026-09-11
IS 14443,2030-04-04,No,2026-09-11
IS 1445,2031-05-08,No,2026-09-11
IS 14479,2030-04-23,No,2026-09-11
IS 1448 (Part 1/Sec 2),2028-07-31,No,2026-09-11
IS 14490,2029-10-31,No,2026-09-11
IS 14494,2029-05-31,No,2026-09-11
IS 14536,2028-07-31,No,2026-09-11
IS 14542,2030-12-15,No,2026-09-11
IS 14543,2029-03-31,No,2026-09-11
IS 14544,2027-03-31,No,2026-09-11
IS 14587,2028-11-30,No,2026-09-11
IS 1460,2030-01-31,No,2026-09-11
IS 14625,2031-05-14,No,2026-09-11
IS 14650,2028-10-31,No,2026-09-11
IS 14652,2028-03-31,No,2026-09-11
IS 1466,2029-03-31,No,2026-09-11
IS 14665 (Part 1),2020-10-31,Yes,2026-09-11
IS 14665 (Part 2/Sec 1 and 2),2020-10-31,Yes,2026-09-11
IS 14665 (Part 3/Sec 1 and 2),2020-10-31,Yes,2026-09-11
IS 14665 (Part 4/Sec 1 to 9),2020-10-31,Yes,2026-09-11
IS 14665 (Part 5),2020-10-31,Yes,2026-09-11
IS 14687,2029-03-31,No,2026-09-11
IS 1469,2029-03-31,No,2026-09-11
IS 14697,2026-03-31,Yes,2026-09-11
IS 14698,2028-03-31,No,2026-09-11
IS 1470,2030-11-10,No,2026-09-11
IS 14700 (Part 1/Sec 1),2029-03-06,No,2026-09-11
IS 14700 (Part 3/Sec 2),2029-03-06,No,2026-09-11
IS 14707,2029-03-31,No,2026-09-11
IS 14708,2030-04-30,No,2026-09-11
IS 14709,2030-04-30,No,2026-09-11
IS 14715 (Part 1),2030-05-31,No,2026-09-11
IS 14715 (Part 2),2030-05-31,No,2026-09-11
IS 14724,2030-12-15,No,2026-09-11
IS 14735,2029-04-30,No,2026-09-11
IS 1475,2029-08-31,No,2026-09-11
IS 1475 (Part 1),2029-08-31,No,2026-09-11
IS 14756,2031-02-06,No,2026-09-11
IS 14763,2027-03-31,No,2026-09-11
IS 14768 (Part 1),2030-05-31,No,2026-09-11
IS 14768 (Part 2),2030-05-31,No,2026-09-11
IS 1477 (Part 1),2030-09-10,No,2026-09-11
IS 14772,2031-01-12,No,2026-09-11
IS 14787,2030-03-01,No,2026-09-11
IS 14810,2031-03-23,No,2026-09-11
IS 14845,2031-02-27,No,2026-09-11
IS 14846,2031-02-27,No,2026-09-11
IS 14848,2029-12-31,No,2026-09-11
IS 14856,2027-01-31,No,2026-09-11
IS 14862,2030-08-01,No,2026-09-11
IS 14871,2030-08-01,No,2026-09-11
IS 14885,2031-02-28,No,2026-09-11
IS 14886,2029-05-31,No,2026-09-11
IS 14887,2028-10-31,No,2026-09-11
IS 1489,2030-12-31,No,2026-09-11
IS 14897,2026-03-31,Yes,2026-09-11
IS 14899,2030-11-10,No,2026-09-11
IS 14900,2031-01-30,No,2026-09-11
IS 14912,2027-01-31,No,2026-09-11
IS 14927 (Part 1),2028-11-30,No,2026-09-11
IS 14927 (Part 2),2028-11-30,No,2026-09-11
IS 14928,2031-06-11,No,2026-09-11
IS 14929,2027-12-31,No,2026-09-11
IS 14933,2030-06-20,No,2026-09-11
IS 14948,2031-06-22,No,2026-09-11
IS 14968,2030-09-01,No,2026-09-11
IS 14982,2031-03-12,No,2026-09-11
IS 150,2030-05-09,No,2026-09-11
IS 1500 (Part 1),2029-01-31,No,2026-09-11
IS 15030,2027-12-31,No,2026-09-11
IS 15041,2030-10-15,No,2026-09-11
IS 15100,2028-03-31,No,2026-09-11
IS 15103,2029-03-31,No,2026-09-11
IS 15105,2026-03-31,Yes,2026-09-11
IS 15111 (Part 1),2029-12-31,No,2026-09-11
IS 15111 (Part 2),2029-12-31,No,2026-09-11
IS 15138,2029-12-31,No,2026-09-11
IS 1514,2029-04-30,No,2026-09-11
IS 15155,2030-12-01,No,2026-09-11
IS 15222,2027-09-30,No,2026-09-11
IS 15265,2028-05-30,No,2026-09-11
IS 15298 (Part 1),2029-08-31,No,2026-09-11
IS 15298 (Part 2),2029-08-31,No,2026-09-11
IS 15298 (Part 3),2029-08-31,No,2026-09-11
IS 15298 (Part 4),2029-08-31,No,2026-09-11
IS 15328,2031-02-11,No,2026-09-11
IS 15330,2026-05-17,Yes,2026-09-11
IS 15337,2028-11-30,No,2026-09-11
IS 1534 (Part 1),2016-03-31,Yes,2026-09-11
IS 15351,2030-10-30,No,2026-09-11
IS 1536,2028-06-30,No,2026-09-11
IS 15368,2029-08-31,No,2026-09-11
IS 1537,2030-02-28,No,2026-09-11
IS 1538,2029-02-28,No,2026-09-11
IS 15391,2029-03-31,No,2026-09-11
IS 15392,2027-01-01,No,2026-09-11
IS 1540 (Part 1),2029-04-30,No,2026-09-11
IS 1542,2029-02-28,No,2026-09-11
IS 1544,2027-03-31,No,2026-09-11
IS 15449 (Part 1),2030-02-25,No,2026-09-11
IS 1545,2031-03-23,No,2026-09-11
IS 15450,2027-03-31,No,2026-09-11
IS 15477,2030-12-29,No,2026-09-11
IS 15500 (Part 3),2026-09-28,No,2026-09-11
IS 15518 (Part 1),2029-12-31,No,2026-09-11
IS 15532,2030-09-01,No,2026-09-11
IS 1554 (Part 1),2025-02-01,Yes,2026-09-11
IS 1554 (Part 2),2025-02-01,Yes,2026-09-11
IS 15541,2027-03-31,No,2026-09-11
IS 15549,2030-11-27,No,2026-09-11
IS 15558,2030-11-20,No,2026-09-11
IS 15573,2031-02-18,No,2026-09-11
IS 15622,2030-12-29,No,2026-09-11
IS 15627,2027-03-30,No,2026-09-11
IS 15633,2031-02-06,No,2026-09-11
IS 15636,2027-03-31,No,2026-09-11
IS 15644,2031-01-16,No,2026-09-11
IS 15645,2029-09-30,No,2026-09-11
IS 15647,2026-11-30,No,2026-09-11
IS 15652,2030-12-19,No,2026-09-11
IS 1566,2030-05-01,No,2026-09-11
IS 1568,2028-06-30,No,2026-09-11
IS 15683,2028-12-31,No,2026-09-11
IS 15687 (Part 1),2029-12-31,No,2026-09-11
IS 1569,2031-02-20,No,2026-09-11
IS 1570 (Part 1),2029-04-30,No,2026-09-11
IS 15707,2030-05-01,No,2026-09-11
IS 1573,2031-03-27,No,2026-09-11
IS 15741,2028-01-31,No,2026-09-11
IS 15742,2031-02-04,No,2026-09-11
IS 15748,2027-04-28,No,2026-09-11
IS 15757,2030-12-15,No,2026-09-11
IS 1576,2030-11-06,No,2026-09-11
IS 15768,2030-10-28,No,2026-09-11
IS 15769,2031-02-27,No,2026-09-11
IS 15778,2027-06-30,No,2026-09-11
IS 15787,2029-10-04,No,2026-09-11
IS 158,2031-06-22,No,2026-09-11
IS 15801,2027-06-30,No,2026-09-11
IS 15809,2027-03-31,No,2026-09-11
IS 15833,2028-09-30,No,2026-09-11
IS 15834 (Bi-lingual),2023-09-30,Yes,2026-09-11
IS 15844 (Part 1),2031-01-30,No,2026-09-11
IS 15844 (Part 2),2031-01-30,No,2026-09-11
IS 15844 (Part 3),2031-01-30,No,2026-09-11
IS 15869,2030-03-31,No,2026-09-11
IS 15882,2030-02-28,No,2026-09-11
IS 15884,2029-09-30,No,2026-09-11
IS 15885 (Part 1),2026-05-01,Yes,2026-09-11
IS 15885 (Part 2/Sec 1),2026-05-01,Yes,2026-09-11
IS 15885 (Part 2/Sec 13),2026-05-01,Yes,2026-09-11
IS 15885 (Part 2/Sec 3),2026-05-01,Yes,2026-09-11
IS 15885 (Part 2/Sec 8),2026-05-01,Yes,2026-09-11
IS 15885 (Part 2/Sec 9),2026-05-01,Yes,2026-09-11
IS 15895,2028-08-31,No,2026-09-11
IS 159,2029-08-31,No,2026-09-11
IS 15905,2029-09-30,No,2026-09-11
IS 15906,2026-05-31,Yes,2026-09-11
IS 15907,2029-12-31,No,2026-09-11
IS 15909,2030-03-31,No,2026-09-11
IS 15911,2026-11-30,No,2026-09-11
IS 15914,2026-09-30,No,2026-09-11
IS 15916,2031-04-28,No,2026-09-11
IS 15917,2031-04-28,No,2026-09-11
IS 1592,2028-11-30,No,2026-09-11
IS 15927 (Part 1),2027-01-31,No,2026-09-11
IS 15927 (Part 2),2027-01-31,No,2026-09-11
IS 15927 (Part 3),2027-01-31,No,2026-09-11
IS 15959 (Part 2),2030-11-26,No,2026-09-11
IS 15961,2030-09-30,No,2026-09-11
IS 15962,2027-03-31,No,2026-09-11
IS 15965,2031-02-25,No,2026-09-11
IS 15967 (Part 1),2028-06-30,No,2026-09-11
IS 15967 (Part 2),2028-06-30,No,2026-09-11
IS 15968,2028-05-31,No,2026-09-11
IS 1597 (Part 1),2026-12-31,No,2026-09-11
IS 1599,2028-09-30,No,2026-09-11
IS 15997,2027-10-01,No,2026-09-11
IS 16004,2029-11-30,No,2026-09-11
IS 16011,2027-03-31,No,2026-09-11
IS 16012,2027-03-31,No,2026-09-11
IS 16014,2029-11-30,No,2026-09-11
IS 16018,2027-04-30,No,2026-09-11
IS 16046 (Part 1),2029-08-31,No,2026-09-11
IS 16046 (Part 2),2029-08-31,No,2026-09-11
IS 16074,2029-08-31,No,2026-09-11
IS 16077,2023-06-30,Yes,2026-09-11
IS 1608 (Part 1),2027-03-31,No,2026-09-11
IS 16089,2027-05-31,No,2026-09-11
IS 16090,2028-01-31,No,2026-09-11
IS 16097,2030-01-31,No,2026-09-11
IS 16098 (Part 1),2027-06-30,No,2026-09-11
IS 16098 (Part 2),2027-06-30,No,2026-09-11
IS 16101,2029-12-31,No,2026-09-11
IS 16102 (Part 1),2029-05-31,No,2026-09-11
IS 16102 (Part 2),2029-05-31,No,2026-09-11
IS 16103 (Part 1),2030-08-31,No,2026-09-11
IS 16103 (Part 2),2030-08-31,No,2026-09-11
IS 16104,2029-05-31,No,2026-09-11
IS 16105,2029-12-31,No,2026-09-11
IS 16106,2029-12-31,No,2026-09-11
IS 16107 (Part 1),2029-05-31,No,2026-09-11
IS 16107 (Part 2/Sec 1),2029-05-31,No,2026-09-11
IS 16108,2029-12-31,No,2026-09-11
IS 16112,2028-07-31,No,2026-09-11
IS 16113,2028-07-31,No,2026-09-11
IS 16169,2031-02-26,No,2026-09-11
IS 16170 (Part 1),2029-04-30,No,2026-09-11
IS 16186,2028-03-31,No,2026-09-11
IS 16190,2028-09-30,No,2026-09-11
IS 16202,2028-09-30,No,2026-09-11
IS 16205 (Part 24),2031-01-12,No,2026-09-11
IS 16208,2030-09-01,No,2026-09-11
IS 16218,2031-02-26,No,2026-09-11
IS 1622,2029-02-26,No,2026-09-11
IS 16220 (Part 1),2030-02-28,No,2026-09-11
IS 16221 (Part 1),2021-03-31,Yes,2026-09-11
IS 16221 (Part 2),2021-03-31,Yes,2026-09-11
IS 16231 (Part 3),2029-01-31,No,2026-09-11
IS 16240,2028-03-31,No,2026-09-11
IS 16270,2029-01-01,No,2026-09-11
IS 16301,2031-03-12,No,2026-09-11
IS 16352,2030-03-31,No,2026-09-11
IS 16362,2029-11-30,No,2026-09-11
IS 16368,2030-11-17,No,2026-09-11
IS 1637,2028-06-30,No,2026-09-11
IS 16372,2030-06-30,No,2026-09-11
IS 16390,2029-12-31,No,2026-09-11
IS 16391,2029-12-31,No,2026-09-11
IS 16392,2029-12-31,No,2026-09-11
IS 16393,2029-12-31,No,2026-09-11
IS 164,2028-04-30,No,2026-09-11
IS 1641,2028-07-31,No,2026-09-11
IS 16415,2030-12-31,No,2026-09-11
IS 1642,2028-07-31,No,2026-09-11
IS 1643,2028-08-31,No,2026-09-11
IS 1644,2028-08-31,No,2026-09-11
IS 1646,2029-05-24,No,2026-09-11
IS 16468,2030-10-30,No,2026-09-11
IS 16471,2027-03-31,No,2026-09-11
IS 16481,2027-03-31,No,2026-09-11
IS 1651,2030-03-31,No,2026-09-11
IS 16513,2030-12-22,No,2026-09-11
IS 1652,2029-08-31,No,2026-09-11
IS 16542,2031-05-29,No,2026-09-11
IS 16543,2029-07-31,No,2026-09-11
IS 16544,2026-09-30,No,2026-09-11
IS 16585,2028-08-31,No,2026-09-11
IS 1659,2029-10-15,No,2026-09-11
IS 1660,2029-08-31,No,2026-09-11
IS 1661,2027-01-31,No,2026-09-11
IS 16627,2027-03-31,No,2026-09-11
IS 16636,2027-03-01,No,2026-09-11
IS 1664,2027-11-30,No,2026-09-11
IS 16644,2028-05-31,No,2026-09-11
IS 16645,2028-06-30,No,2026-09-11
IS 16648 (Part 1),2027-10-31,No,2026-09-11
IS 16648 (Part 2),2027-10-31,No,2026-09-11
IS 16648 (Part 4),2027-10-31,No,2026-09-11
IS 16651,2027-07-31,No,2026-09-11
IS 16653,2028-01-31,No,2026-09-11
IS 16654,2028-01-31,No,2026-09-11
IS 16655,2027-04-30,No,2026-09-11
IS 16664,2029-04-30,No,2026-09-11
IS 16676,2029-08-31,No,2026-09-11
IS 16700,2028-10-31,No,2026-09-11
IS 16703,2031-07-21,No,2026-09-11
IS 16709,2027-03-31,No,2026-09-11
IS 16718,2030-12-17,No,2026-09-11
IS 16719,2027-03-31,No,2026-09-11
IS 16725,2028-03-31,No,2026-09-11
IS 16726,2028-03-31,No,2026-09-11
IS 1673,2026-11-30,No,2026-09-11
IS 16732,2029-01-31,No,2026-09-11
IS 1676,2027-09-30,No,2026-09-11
IS 1678,2028-11-30,No,2026-09-11
IS 16781,2028-08-31,No,2026-09-11
IS 16833,2031-03-30,No,2026-09-11
IS 16874,2028-03-31,No,2026-09-11
IS 16890,2030-10-17,No,2026-09-11
IS 16911,2028-07-31,No,2026-09-11
IS 16993,2028-06-30,No,2026-09-11
IS 16994,2028-06-30,No,2026-09-11
IS 170,2029-10-31,No,2026-09-11
IS 1701,2027-10-31,No,2026-09-11
IS 17012,2028-09-30,No,2026-09-11
IS 1703,2031-02-27,No,2026-09-11
IS 17037,2028-09-30,No,2026-09-11
IS 17042 (Part 1),2030-03-31,No,2026-09-11
IS 17043 (Part 1),2029-01-31,No,2026-09-11
IS 17043 (Part 2),2029-01-31,No,2026-09-11
IS 17048,2029-05-31,No,2026-09-11
IS 17051,2028-03-31,No,2026-09-11
IS 17070,2029-03-31,No,2026-09-11
IS 17077 (Part 1),2027-07-28,No,2026-09-11
IS 1708 (Part 1 to 18),2030-04-30,No,2026-09-11
IS 1709,2029-03-19,No,2026-09-11
IS 1710,2031-03-30,No,2026-09-11
IS 1711,2031-02-27,No,2026-09-11
IS 17111,2030-07-31,No,2026-09-11
IS 17150,2030-07-31,No,2026-09-11
IS 17153,2029-03-31,No,2026-09-11
IS 17210 (Part 1),2031-02-26,No,2026-09-11
IS 1726,2027-10-31,No,2026-09-11
IS 17261,2027-03-31,No,2026-09-11
IS 17262,2027-03-31,No,2026-09-11
IS 17263,2027-03-31,No,2026-09-11
IS 17264,2027-03-31,No,2026-09-11
IS 17265,2031-01-20,No,2026-09-11
IS 17266,2029-03-31,No,2026-09-11
IS 1727,2028-06-30,No,2026-09-11
IS 17286,2029-03-31,No,2026-09-11
IS 1729,2028-10-31,No,2026-09-11
IS 17293,2025-03-31,Yes,2026-09-11
IS 1730,2029-03-01,No,2026-09-11
IS 1732,2029-03-01,No,2026-09-11
IS 1734 (Part 1 to 20),2028-02-28,No,2026-09-11
IS 17349,2029-07-31,No,2026-09-11
IS 17354,2029-07-31,No,2026-09-11
IS 17355,2030-03-31,No,2026-09-11
IS 17356,2030-03-31,No,2026-09-11
IS 17357,2030-03-31,No,2026-09-11
IS 17358 (Part 1),2030-03-31,No,2026-09-11
IS 17358 (Part 2),2030-03-31,No,2026-09-11
IS 17370,2028-04-30,No,2026-09-11
IS 17371,2030-03-31,No,2026-09-11
IS 17372,2030-03-31,No,2026-09-11
IS 17373,2030-03-31,No,2026-09-11
IS 17374,2030-03-31,No,2026-09-11
IS 17397 (Part 1),2027-07-31,No,2026-09-11
IS 17399,2029-10-31,No,2026-09-11
IS 17400,2031-02-18,No,2026-09-11
IS 1742,2027-11-30,No,2026-09-11
IS 17442,2029-03-01,No,2026-09-11
IS 17450,2030-07-03,No,2026-09-11
IS 1747,2028-04-30,No,2026-09-11
IS 17483 (Part 1),2030-03-31,No,2026-09-11
IS 17483 (Part 2),2030-03-31,No,2026-09-11
IS 175,2028-07-31,No,2026-09-11
IS 17505 (Part 1),2031-05-29,No,2026-09-11
IS 17509,2030-10-22,No,2026-09-11
IS 17513,2030-03-31,No,2026-09-11
IS 17514,2030-03-31,No,2026-09-11
IS 17526,2031-02-26,No,2026-09-11
IS 1755,2028-08-31,No,2026-09-11
IS 17550 (Part 1),2029-11-30,No,2026-09-11
IS 17566,2031-03-30,No,2026-09-11
IS 17570 (Part 1),2030-11-11,No,2026-09-11
IS 17573,2026-03-31,Yes,2026-09-11
IS 17609,2031-03-01,No,2026-09-11
IS 17630,2030-11-20,No,2026-09-11
IS 17631,2027-03-31,No,2026-09-11
IS 17632,2027-03-31,No,2026-09-11
IS 17633,2027-03-31,No,2026-09-11
IS 17634,2027-03-31,No,2026-09-11
IS 17635,2027-03-31,No,2026-09-11
IS 17636,2026-03-31,Yes,2026-09-11
IS 17658,2030-07-31,No,2026-09-11
IS 17681,2027-03-31,No,2026-09-11
IS 17682,2031-11-30,No,2026-09-11
IS 1771,2031-03-27,No,2026-09-11
IS 17728,2030-12-17,No,2026-09-11
IS 17729,2026-03-31,Yes,2026-09-11
IS 17730 (Part 1),2031-01-15,No,2026-09-11
IS 17730 (Part 2),2031-01-15,No,2026-09-11
IS 17731,2030-12-17,No,2026-09-11
IS 1778,2029-12-31,No,2026-09-11
IS 17803,2027-03-31,No,2026-09-11
IS 1783 (Part 1),2027-01-31,No,2026-09-11
IS 1783 (Part 2),2027-01-31,No,2026-09-11
IS 1785 (Part 1),2028-01-31,No,2026-09-11
IS 1786,2028-01-31,No,2026-09-11
IS 17861,2030-12-17,No,2026-09-11
IS 17875,2027-03-31,No,2026-09-11
IS 17876,2027-03-31,No,2026-09-11
IS 17880,2030-12-29,No,2026-09-11
IS 17945,2030-12-15,No,2026-09-11
IS 1795,2031-02-27,No,2026-09-11
IS 17954,2031-05-21,No,2026-09-11
IS 1796,2028-02-28,No,2026-09-11
IS 1800,2031-02-04,No,2026-09-11
IS 18002 (Part 1),2029-06-30,No,2026-09-11
IS 1804,2029-05-31,No,2026-09-11
IS 1811,2027-01-31,No,2026-09-11
IS 1812,2027-03-31,No,2026-09-11
IS 18189,2028-06-30,No,2026-09-11
IS 18297,2031-05-21,No,2026-09-11
IS 18316,2028-08-31,No,2026-09-11
IS 18340,2028-08-31,No,2026-09-11
IS 1835,2027-03-31,No,2026-09-11
IS 1838 (Part 1),2030-09-17,No,2026-09-11
IS 18384,2031-03-20,No,2026-09-11
IS 18385,2031-03-18,No,2026-09-11
IS 18427,2027-04-01,No,2026-09-11
IS 18471,2032-04-01,No,2026-09-11
IS 18476,2028-11-30,No,2026-09-11
IS 1848 (Part 1),2028-12-31,No,2026-09-11
IS 1848 (Part 2),2028-12-31,No,2026-09-11
IS 18480 (Part 2),2028-11-30,No,2026-09-11
IS 18507,2031-02-10,No,2026-09-11
IS 18508,2031-02-23,No,2026-09-11
IS 18509,2029-02-28,No,2026-09-11
IS 18513,2029-01-09,No,2026-09-11
IS 1852,2027-03-31,No,2026-09-11
IS 1855,2029-12-31,No,2026-09-11
IS 1856,2026-12-30,No,2026-09-11
IS 1862,2030-06-25,No,2026-09-11
IS 1865,2030-02-28,No,2026-09-11
IS 1866,2029-05-31,No,2026-09-11
IS 1868,2031-03-27,No,2026-09-11
IS 18728,2029-10-31,No,2026-09-11
IS 1875,2030-10-06,No,2026-09-11
IS 1879,2030-10-06,No,2026-09-11
IS 1883,2025-03-31,Yes,2026-09-11
IS 1885,2030-01-31,No,2026-09-11
IS 1888,2026-12-31,No,2026-09-11
IS 1891 (Part 5),2031-01-15,No,2026-09-11
IS 1892,2031-03-31,No,2026-09-11
IS 1893,2031-11-20,No,2026-09-11
IS 1897,2028-10-27,No,2026-09-11
IS 1901,2022-10-31,Yes,2026-09-11
IS 1903,2028-11-30,No,2026-09-11
IS 1904,2031-03-31,No,2026-09-11
IS 191,2031-03-23,No,2026-09-11
IS 1916,2028-09-30,No,2026-09-11
IS 1921,2030-05-31,No,2026-09-11
IS 193,2029-05-31,No,2026-09-11
IS 1932,2027-12-31,No,2026-09-11
IS 1938,2028-07-31,No,2026-09-11
IS 1943,2031-02-10,No,2026-09-11
IS 1944 (Part 5),2029-05-31,No,2026-09-11
IS 1944 (Part 6),2029-05-31,No,2026-09-11
IS 1944 (Part 7),2029-05-31,No,2026-09-11
IS 1944 (Parts 1 and 2),2029-05-31,No,2026-09-11
IS 1948,2029-07-31,No,2026-09-11
IS 1955,2031-06-11,No,2026-09-11
IS 1961,2029-01-01,No,2026-09-11
IS 1989 (Part 1),2026-11-30,No,2026-09-11
IS 1989 (Part 2),2026-11-30,No,2026-09-11
IS 1992,2031-03-27,No,2026-09-11
IS 1993,2028-06-30,No,2026-09-11
IS 1997,2027-12-31,No,2026-09-11
IS 2002,2029-08-31,No,2026-09-11
IS 2004,2028-03-31,No,2026-09-11
IS 2012,2031-04-06,No,2026-09-11
IS 2016,2030-06-25,No,2026-09-11
IS 2022,2029-03-31,No,2026-09-11
IS 2026,2026-11-30,No,2026-09-11
IS 2028,2031-02-04,No,2026-09-11
IS 2029,2031-02-04,No,2026-09-11
IS 2036,2030-07-31,No,2026-09-11
IS 204 (Part 1),2031-01-20,No,2026-09-11
IS 2041,2029-08-31,No,2026-09-11
IS 2046 (Part 1),2030-03-31,No,2026-09-11
IS 205,2027-01-31,No,2026-09-11
IS 2052,2028-03-31,No,2026-09-11
IS 206,2027-01-01,No,2026-09-11
IS 2062,2030-12-29,No,2026-09-11
IS 2064,2027-11-30,No,2026-09-11
IS 2065,2027-02-28,No,2026-09-11
IS 2067,2027-03-31,No,2026-09-11
IS 2071,2029-09-30,No,2026-09-11
IS 2074,2028-04-30,No,2026-09-11
IS 208,2031-06-30,No,2026-09-11
IS 2080,2030-12-11,No,2026-09-11
IS 2082,2031-01-16,No,2026-09-11
IS 2083,2029-07-31,No,2026-09-11
IS 2086,2029-05-31,No,2026-09-11
IS 2089,2027-07-31,No,2026-09-11
IS 209,2029-01-31,No,2026-09-11
IS 2090,2030-05-01,No,2026-09-11
IS 2095 (Part 1),2028-08-31,No,2026-09-11
IS 2096,2027-01-31,No,2026-09-11
IS 2098,2027-01-31,No,2026-09-11
IS 21,2030-05-31,No,2026-09-11
IS 210,2030-02-28,No,2026-09-11
IS 2100,2027-03-31,No,2026-09-11
IS 2116,2028-01-31,No,2026-09-11
IS 2121,2026-08-02,Yes,2026-09-11
IS 2131,2030-05-31,No,2026-09-11
IS 2140,2027-12-27,No,2026-09-11
IS 2141,2031-01-12,No,2026-09-11
IS 2165 (Part 1),2021-03-31,Yes,2026-09-11
IS 217,2031-06-03,No,2026-09-11
IS 2176,2028-11-30,No,2026-09-11
IS 2185 (Part 1),2030-08-01,No,2026-09-11
IS 2189,2028-08-31,No,2026-09-11
IS 2190,2029-10-31,No,2026-09-11
IS 2191 (Part 1),2027-12-31,No,2026-09-11
IS 2191 (Part 2),2027-12-31,No,2026-09-11
IS 220,2030-01-31,No,2026-09-11
IS 2202 (Part 1),2028-02-28,No,2026-09-11
IS 2204,2030-09-17,No,2026-09-11
IS 2210,2028-10-31,No,2026-09-11
IS 2215,2030-02-28,No,2026-09-11
IS 2222,2026-09-30,No,2026-09-11
IS 2223,2030-08-31,No,2026-09-11
IS 2233,2028-10-31,No,2026-09-11
IS 2251,2027-03-31,No,2026-09-11
IS 2253,2022-03-31,Yes,2026-09-11
IS 2254,2031-02-18,No,2026-09-11
IS 2255,2027-03-31,No,2026-09-11
IS 2257,2029-03-31,No,2026-09-11
IS 2261,2020-12-31,Yes,2026-09-11
IS 2262,2026-03-31,Yes,2026-09-11
IS 2266,2029-11-30,No,2026-09-11
IS 2268,2029-10-03,No,2026-09-11
IS 228,2030-03-31,No,2026-09-11
IS 2312,2029-06-04,No,2026-09-11
IS 2319,2028-07-31,No,2026-09-11
IS 2323,2029-06-30,No,2026-09-11
IS 2328,2028-08-31,No,2026-09-11
IS 2329,2027-01-31,No,2026-09-11
IS 2338 (Part 1),2030-09-10,No,2026-09-11
IS 2347,2030-11-20,No,2026-09-11
IS 236,2029-03-31,No,2026-09-11
IS 2362,2029-04-30,No,2026-09-11
IS 2365,2029-10-31,No,2026-09-11
IS 2373,2027-10-31,No,2026-09-11
IS 2379,2029-10-31,No,2026-09-11
IS 2385,2027-03-31,No,2026-09-11
IS 2386,2031-03-27,No,2026-09-11
IS 2402,2027-01-31,No,2026-09-11
IS 2403,2029-07-31,No,2026-09-11
IS 2405 (Part 1),2028-08-31,No,2026-09-11
IS 2407,2029-05-31,No,2026-09-11
IS 2412,2022-03-31,Yes,2026-09-11
IS 2414,2031-02-27,No,2026-09-11
IS 2415,2031-02-27,No,2026-09-11
IS 2418 (Part 1),2030-02-28,No,2026-09-11
IS 2418 (Part 2),2030-02-28,No,2026-09-11
IS 2418 (Part 3),2030-02-28,No,2026-09-11
IS 2418 (Part 4),2030-02-28,No,2026-09-11
IS 2419,2029-04-30,No,2026-09-11
IS 2430,2031-03-27,No,2026-09-11
IS 2438,2027-03-31,No,2026-09-11
IS 2448 (Part 1),2031-03-31,No,2026-09-11
IS 245,2029-10-31,No,2026-09-11
IS 2465,2026-11-30,No,2026-09-11
IS 2470 (Part 1),2027-02-28,No,2026-09-11
IS 2486,2030-05-19,No,2026-09-11
IS 249,2027-03-31,No,2026-09-11
IS 2494 (Part 1),2031-01-15,No,2026-09-11
IS 2494 (Part 2),2031-01-15,No,2026-09-11
IS 2500 (Part 1),2031-03-23,No,2026-09-11
IS 2501,2031-03-23,No,2026-09-11
IS 2502,2028-06-30,No,2026-09-11
IS 2505,2028-08-31,No,2026-09-11
IS 2506,2027-03-31,No,2026-09-11
IS 2507,2031-02-23,No,2026-09-11
IS 251,2029-05-31,No,2026-09-11
IS 2514,2028-06-30,No,2026-09-11
IS 252,2028-03-31,No,2026-09-11
IS 2527,2030-09-10,No,2026-09-11
IS 2530,2031-02-27,No,2026-09-11
IS 2546,2030-06-20,No,2026-09-11
IS 2548 (Part 1),2027-03-31,No,2026-09-11
IS 2548 (Part 2),2027-03-31,No,2026-09-11
IS 2551,2030-04-01,No,2026-09-11
IS 2552,2028-10-31,No,2026-09-11
IS 2553 (Part 1),2031-05-14,No,2026-09-11
IS 2556,2026-12-30,No,2026-09-11
IS 2561,2029-03-31,No,2026-09-11
IS 2566,2031-02-10,No,2026-09-11
IS 2571,2027-01-31,No,2026-09-11
IS 2587,2029-08-31,No,2026-09-11
IS 2589,2027-03-31,No,2026-09-11
IS 2590,2027-01-01,No,2026-09-11
IS 2592,2022-03-31,Yes,2026-09-11
IS 2593,2029-01-01,No,2026-09-11
IS 2595,2030-12-18,No,2026-09-11
IS 2596,2031-02-26,No,2026-09-11
IS 26,2029-01-31,No,2026-09-11
IS 2615 (Part 1),2028-07-31,No,2026-09-11
IS 2619,2028-12-31,No,2026-09-11
IS 2629,2030-08-31,No,2026-09-11
IS 2631,2029-10-31,No,2026-09-11
IS 2633,2031-03-27,No,2026-09-11
IS 2643,2030-06-30,No,2026-09-11
IS 2645,2027-04-30,No,2026-09-11
IS 266,2030-08-31,No,2026-09-11
IS 2672,2020-03-31,Yes,2026-09-11
IS 2673,2027-03-31,No,2026-09-11
IS 2678,2027-03-31,No,2026-09-11
IS 2681,2028-09-30,No,2026-09-11
IS 2685,2027-10-31,No,2026-09-11
IS 269,2030-12-31,No,2026-09-11
IS 2692,2028-09-30,No,2026-09-11
IS 27,2028-10-31,No,2026-09-11
IS 2705,2022-03-31,Yes,2026-09-11
IS 2713,2027-12-31,No,2026-09-11
IS 2717,2030-07-31,No,2026-09-11
IS 2720 (Part 1),2030-05-31,No,2026-09-11
IS 2720 (Part 8),2030-05-31,No,2026-09-11
IS 2721,2030-12-10,No,2026-09-11
IS 2722,2027-03-31,No,2026-09-11
IS 273,2030-04-30,No,2026-09-11
IS 274 (Part 1 and 2),2030-01-31,No,2026-09-11
IS 2745,2030-06-20,No,2026-09-11
IS 2750,2031-01-20,No,2026-09-11
IS 2751,2028-05-25,No,2026-09-11
IS 2762,2031-01-12,No,2026-09-11
IS 277,2031-03-18,No,2026-09-11
IS 2770 (Part 1),2027-02-28,No,2026-09-11
IS 278,2030-12-31,No,2026-09-11
IS 2782,2028-11-30,No,2026-09-11
IS 2787,2029-08-09,No,2026-09-11
IS 280,2026-11-30,No,2026-09-11
IS 2800,2030-11-10,No,2026-09-11
IS 281,2028-09-30,No,2026-09-11
IS 2825,2027-02-28,No,2026-09-11
IS 2830,2027-03-31,No,2026-09-11
IS 2831,2027-03-31,No,2026-09-11
IS 2833,2029-01-31,No,2026-09-11
IS 2835,2029-12-23,No,2026-09-11
IS 285,2031-03-05,No,2026-09-11
IS 287,2027-10-31,No,2026-09-11
IS 2871,2027-06-30,No,2026-09-11
IS 2879,2029-03-31,No,2026-09-11
IS 2905,2027-01-31,No,2026-09-11
IS 2911 (Part 1/Sec 1),2030-05-31,No,2026-09-11
IS 2925,2030-06-20,No,2026-09-11
IS 2930,2027-09-30,No,2026-09-11
IS 2932,2030-09-30,No,2026-09-11
IS 2950 (Part 1),2028-11-30,No,2026-09-11
IS 2963,2028-09-30,No,2026-09-11
IS 297,2029-05-31,No,2026-09-11
IS 2974 (Part 1),2028-11-30,No,2026-09-11
IS 2993 (Part 1),2029-08-31,No,2026-09-11
IS 2997,2031-01-16,No,2026-09-11
IS 300,2028-03-31,No,2026-09-11
IS 3010 (Part 1),2024-03-31,Yes,2026-09-11
IS 3010 (Part 2),2024-03-31,Yes,2026-09-11
IS 302 (Part 1),2021-01-31,Yes,2026-09-11
IS 302 (Part 2/Sec 201),2021-01-31,Yes,2026-09-11
IS 302 (Part 2/Sec 202),2021-01-31,Yes,2026-09-11
IS 302 (Part 2/Sec 3),2021-01-31,Yes,2026-09-11
IS 302 (Part 2/Sec 30),2021-01-31,Yes,2026-09-11
IS 3024,2026-11-01,No,2026-09-11
IS 3025,2028-05-31,No,2026-09-11
IS 303,2031-03-20,No,2026-09-11
IS 3034,2027-01-31,No,2026-09-11
IS 3039,2029-02-28,No,2026-09-11
IS 3042,2028-09-30,No,2026-09-11
IS 3043,2023-11-30,Yes,2026-09-11
IS 3055 (Part 1),2026-02-28,Yes,2026-09-11
IS 3055 (Part 2),2026-02-28,Yes,2026-09-11
IS 306,2031-03-23,No,2026-09-11
IS 3063,2030-06-25,No,2026-09-11
IS 3069,2029-04-30,No,2026-09-11
IS 307,2029-08-31,No,2026-09-11
IS 3073,2031-07-06,No,2026-09-11
IS 3075 (Part 1),2027-03-31,No,2026-09-11
IS 3078,2028-07-31,No,2026-09-11
IS 3087,2025-02-28,Yes,2026-09-11
IS 3091,2031-03-23,No,2026-09-11
IS 3097,2030-08-31,No,2026-09-11
IS 3099 (Part 1 TO 2),2030-10-28,No,2026-09-11
IS 3114,2029-08-31,No,2026-09-11
IS 3116,2031-03-25,No,2026-09-11
IS 3144,2029-09-30,No,2026-09-11
IS 318,2031-03-23,No,2026-09-11
IS 3195,2027-03-31,No,2026-09-11
IS 3196 (Part 2),2030-05-31,No,2026-09-11
IS 3196 (Part 4),2030-05-31,No,2026-09-11
IS 3196 : Part 1,2030-05-31,No,2026-09-11
IS 320,2027-03-31,No,2026-09-11
IS 3203,2031-03-27,No,2026-09-11
IS 3205,2029-12-31,No,2026-09-11
IS 3224,2030-12-12,No,2026-09-11
IS 3298,2027-03-31,No,2026-09-11
IS 3313,2025-05-31,Yes,2026-09-11
IS 3315,2031-01-22,No,2026-09-11
IS 3323,2028-09-15,No,2026-09-11
IS 3324,2029-01-09,No,2026-09-11
IS 3346,2027-06-30,No,2026-09-11
IS 3347 (Part 1/Sec 1),2030-05-31,No,2026-09-11
IS 335,2023-09-30,Yes,2026-09-11
IS 336,2031-03-31,No,2026-09-11
IS 3370,2031-03-27,No,2026-09-11
IS 3384,2030-03-26,No,2026-09-11
IS 3400 (Part 1),2031-07-09,No,2026-09-11
IS 3401,2028-08-31,No,2026-09-11
IS 3412,2029-10-03,No,2026-09-11
IS 3414,2030-09-17,No,2026-09-11
IS 3419,2028-01-31,No,2026-09-11
IS 3431,2027-03-31,No,2026-09-11
IS 3466,2028-06-30,No,2026-09-11
IS 3468,2030-06-25,No,2026-09-11
IS 3480,2029-07-31,No,2026-09-11
IS 3495 (Part 1),2031-02-17,No,2026-09-11
IS 3502,2026-11-30,No,2026-09-11
IS 3513 (Part 2),2029-10-31,No,2026-09-11
IS 3521 (Part 1),2031-01-02,No,2026-09-11
IS 3531,2029-03-31,No,2026-09-11
IS 3558,2028-06-30,No,2026-09-11
IS 3564,2028-09-30,No,2026-09-11
IS 3575,2027-01-31,No,2026-09-11
IS 3576,2027-03-31,No,2026-09-11
IS 3582,2030-06-20,No,2026-09-11
IS 3588,2031-01-16,No,2026-09-11
IS 3589,2031-02-18,No,2026-09-11
IS 3597,2028-11-30,No,2026-09-11
IS 3600 (Part 1),2027-03-31,No,2026-09-11
IS 3614,2029-05-24,No,2026-09-11
IS 3614 (Part 2),2029-05-24,No,2026-09-11
IS 3618,2031-03-27,No,2026-09-11
IS 362,2031-01-20,No,2026-09-11
IS 3624,2023-04-30,Yes,2026-09-11
IS 3629,2030-09-17,No,2026-09-11
IS 3637,2021-01-01,Yes,2026-09-11
IS 3639,2030-12-12,No,2026-09-11
IS 3646 (Part 1),2030-07-31,No,2026-09-11
IS 3646 (Part 2),2030-07-31,No,2026-09-11
IS 3646 (Part 3),2030-07-31,No,2026-09-11
IS 3650,2027-03-31,No,2026-09-11
IS 3658,2031-02-20,No,2026-09-11
IS 3664,2031-01-08,No,2026-09-11
IS 368,2031-01-16,No,2026-09-11
IS 3681,2030-09-30,No,2026-09-11
IS 3696 (Part 1),2027-03-01,No,2026-09-11
IS 3696 (Part 2),2027-03-01,No,2026-09-11
IS 371,2030-05-31,No,2026-09-11
IS 3735,2030-11-17,No,2026-09-11
IS 3736,2026-11-30,No,2026-09-11
IS 374,2028-01-31,No,2026-09-11
IS 3745,2030-12-12,No,2026-09-11
IS 3748,2027-11-30,No,2026-09-11
IS 3757,2028-01-15,No,2026-09-11
IS 3764,2027-03-31,No,2026-09-11
IS 3792,2028-11-30,No,2026-09-11
IS 3812 (Part 1),2027-11-30,No,2026-09-11
IS 3818,2027-01-31,No,2026-09-11
IS 383,2030-07-12,No,2026-09-11
IS 3837,2031-01-16,No,2026-09-11
IS 3842,2026-08-31,Yes,2026-09-11
IS 3843,2030-12-24,No,2026-09-11
IS 3844,2030-06-20,No,2026-09-11
IS 3854,2031-05-21,No,2026-09-11
IS 3861,2027-09-30,No,2026-09-11
IS 388,2029-05-31,No,2026-09-11
IS 3913,2030-03-31,No,2026-09-11
IS 3917,2028-03-31,No,2026-09-11
IS 3930,2029-04-30,No,2026-09-11
IS 3935,2027-04-30,No,2026-09-11
IS 3938,2031-03-12,No,2026-09-11
IS 3950,2027-10-31,No,2026-09-11
IS 3959,2028-10-31,No,2026-09-11
IS 3961 (Part 1),2029-04-30,No,2026-09-11
IS 3961 (Part 2),2029-04-30,No,2026-09-11
IS 3961 (Part 3),2029-04-30,No,2026-09-11
IS 3961 (Part 5),2029-04-30,No,2026-09-11
IS 3963,2029-06-04,No,2026-09-11
IS 3975,2026-11-30,No,2026-09-11
IS 3976,2028-06-30,No,2026-09-11
IS 398,2028-12-31,No,2026-09-11
IS 3986,2029-08-31,No,2026-09-11
IS 3989,2029-02-28,No,2026-09-11
IS 4000,2027-12-31,No,2026-09-11
IS 4003 (Part 1),2027-04-01,No,2026-09-11
IS 4007 (Part 1),2024-06-30,Yes,2026-09-11
IS 4009 (Part 1),2030-07-28,No,2026-09-11
IS 401,2026-10-31,No,2026-09-11
IS 4014 (Part 1),2031-01-20,No,2026-09-11
IS 4026,2028-05-31,No,2026-09-11
IS 4029,2029-09-30,No,2026-09-11
IS 4031 (Part 1),2031-02-28,No,2026-09-11
IS 4031 (Part 6),2031-02-28,No,2026-09-11
IS 4032,2029-03-31,No,2026-09-11
IS 4038,2031-02-27,No,2026-09-11
IS 4043,2027-01-31,No,2026-09-11
IS 4072,2027-03-31,No,2026-09-11
IS 408,2030-11-07,No,2026-09-11
IS 4082,2028-05-31,No,2026-09-11
IS 4091,2030-05-31,No,2026-09-11
IS 4097,2029-03-31,No,2026-09-11
IS 4105,2028-04-30,No,2026-09-11
IS 4106,2028-11-30,No,2026-09-11
IS 4111 (Part 1),2027-02-28,No,2026-09-11
IS 412,2027-03-31,No,2026-09-11
IS 4123,2027-04-01,No,2026-09-11
IS 4127,2028-11-30,No,2026-09-11
IS 4146,2029-12-31,No,2026-09-11
IS 4148,2026-11-30,No,2026-09-11
IS 415,2031-06-18,No,2026-09-11
IS 4151,2030-06-20,No,2026-09-11
IS 4160,2031-04-01,No,2026-09-11
IS 4171,2031-03-23,No,2026-09-11
IS 418,2030-02-28,No,2026-09-11
IS 4199,2029-02-28,No,2026-09-11
IS 4201,2029-12-31,No,2026-09-11
IS 4218 (Part 1),2030-05-31,No,2026-09-11
IS 4223,2027-03-31,No,2026-09-11
IS 4224,2027-03-31,No,2026-09-11
IS 4246,2030-12-16,No,2026-09-11
IS 4250,2030-03-31,No,2026-09-11
IS 4253 (Part 1),2029-12-31,No,2026-09-11
IS 4257 (Part 1),2029-01-31,No,2026-09-11
IS 4260,2031-03-20,No,2026-09-11
IS 427,2028-09-30,No,2026-09-11
IS 4270,2027-02-28,No,2026-09-11
IS 428,2028-03-31,No,2026-09-11
IS 4289 (Part 1),2026-11-30,No,2026-09-11
IS 4289 (Part 2),2026-11-30,No,2026-09-11
IS 4296 (Part 1),2030-09-30,No,2026-09-11
IS 4308,2030-06-20,No,2026-09-11
IS 432,2025-05-31,Yes,2026-09-11
IS 4326,2028-07-31,No,2026-09-11
IS 4346,2031-02-27,No,2026-09-11
IS 4347,2020-03-31,Yes,2026-09-11
IS 4351,2029-10-31,No,2026-09-11
IS 4353,2031-02-27,No,2026-09-11
IS 4364,2029-01-31,No,2026-09-11
IS 4368,2026-04-06,Yes,2026-09-11
IS 4379,2030-10-30,No,2026-09-11
IS 4397,2029-03-31,No,2026-09-11
IS 4398,2029-04-30,No,2026-09-11
IS 4409,2028-03-31,No,2026-09-11
IS 4412,2031-03-23,No,2026-09-11
IS 4431,2029-04-30,No,2026-09-11
IS 4432,2029-04-30,No,2026-09-11
IS 444,2030-05-31,No,2026-09-11
IS 4454 (Part 1),2030-11-20,No,2026-09-11
IS 4454 (Part 2),2030-11-20,No,2026-09-11
IS 4454 (Part 4),2030-11-20,No,2026-09-11
IS 4457,2027-01-31,No,2026-09-11
IS 4503,2028-09-30,No,2026-09-11
IS 4505,2031-02-19,No,2026-09-11
IS 4508,2031-06-30,No,2026-09-11
IS 4509,2031-08-05,No,2026-09-11
IS 451,2030-06-25,No,2026-09-11
IS 452,2031-01-20,No,2026-09-11
IS 4521,2029-10-31,No,2026-09-11
IS 453,2028-09-30,No,2026-09-11
IS 455,2030-12-31,No,2026-09-11
IS 456,2030-07-12,No,2026-09-11
IS 4566,2029-10-31,No,2026-09-11
IS 457,2031-03-27,No,2026-09-11
IS 4572,2027-03-31,No,2026-09-11
IS 458,2031-03-01,No,2026-09-11
IS 4581,2031-02-19,No,2026-09-11
IS 459,2028-01-31,No,2026-09-11
IS 4595,2030-12-15,No,2026-09-11
IS 460 (Part 1),2031-01-12,No,2026-09-11
IS 4621,2031-01-20,No,2026-09-11
IS 4648,2030-06-30,No,2026-09-11
IS 4649,2031-01-16,No,2026-09-11
IS 4671,2028-07-31,No,2026-09-11
IS 4697,2029-08-31,No,2026-09-11
IS 4699,2028-03-31,No,2026-09-11
IS 4711,2029-03-31,No,2026-09-11
IS 4736,2031-03-27,No,2026-09-11
IS 4759,2026-03-31,Yes,2026-09-11
IS 4770,2022-07-31,Yes,2026-09-11
IS 4811,2029-06-30,No,2026-09-11
IS 4824,2030-12-04,No,2026-09-11
IS 4826,2028-12-31,No,2026-09-11
IS 4853,2030-10-16,No,2026-09-11
IS 487,2031-02-18,No,2026-09-11
IS 4882,2030-11-11,No,2026-09-11
IS 4889,2022-03-31,Yes,2026-09-11
IS 4890,2030-08-31,No,2026-09-11
IS 4894,2031-01-16,No,2026-09-11
IS 4905,2030-03-31,No,2026-09-11
IS 4923,2028-03-31,No,2026-09-11
IS 4925,2028-07-31,No,2026-09-11
IS 4926,2027-04-30,No,2026-09-11
IS 4927,2027-09-30,No,2026-09-11
IS 493 (Part 1),2029-04-30,No,2026-09-11
IS 4947,2027-02-28,No,2026-09-11
IS 4953,2028-12-01,No,2026-09-11
IS 4955,2030-03-31,No,2026-09-11
IS 4984,2031-07-01,No,2026-09-11
IS 4985,2031-03-31,No,2026-09-11
IS 4990,2029-04-30,No,2026-09-11
IS 4992,2031-05-21,No,2026-09-11
IS 500,2029-07-31,No,2026-09-11
IS 5026,2028-02-28,No,2026-09-11
IS 5039,2026-03-31,Yes,2026-09-11
IS 5051 (Part 1),2024-06-30,Yes,2026-09-11
IS 5054,2028-12-11,No,2026-09-11
IS 5082,2031-07-10,No,2026-09-11
IS 5120,2026-10-31,No,2026-09-11
IS 513 (Part 1),2026-11-30,No,2026-09-11
IS 5149,2029-10-31,No,2026-09-11
IS 5158,2030-08-31,No,2026-09-11
IS 516,2031-03-31,No,2026-09-11
IS 5168,2028-12-31,No,2026-09-11
IS 517,2029-10-31,No,2026-09-11
IS 5175,2027-03-31,No,2026-09-11
IS 5187,2031-01-20,No,2026-09-11
IS 5211,2031-02-04,No,2026-09-11
IS 5216 (Part 1),2029-12-31,No,2026-09-11
IS 5216 (Part 2),2029-12-31,No,2026-09-11
IS 5244,2030-11-06,No,2026-09-11
IS 5284,2026-03-31,Yes,2026-09-11
IS 5290,2030-03-31,No,2026-09-11
IS 5295,2028-07-31,No,2026-09-11
IS 5300,2029-11-20,No,2026-09-11
IS 5306,2030-01-31,No,2026-09-11
IS 531,2031-03-23,No,2026-09-11
IS 5312,2031-02-27,No,2026-09-11
IS 5321,2027-12-31,No,2026-09-11
IS 5329,2027-02-28,No,2026-09-11
IS 5330,2030-03-31,No,2026-09-11
IS 5334,2031-03-20,No,2026-09-11
IS 5350 (Part 1),2024-03-31,Yes,2026-09-11
IS 537,2031-04-17,No,2026-09-11
IS 5382,2028-12-31,No,2026-09-11
IS 5405,2030-02-28,No,2026-09-11
IS 5410,2031-06-22,No,2026-09-11
IS 5414,2029-08-31,No,2026-09-11
IS 544,2029-03-31,No,2026-09-11
IS 5445,2031-03-30,No,2026-09-11
IS 5454,2029-03-31,No,2026-09-11
IS 5455,2027-10-31,No,2026-09-11
IS 546,2029-03-31,No,2026-09-11
IS 5477 (Part 1),2029-10-31,No,2026-09-11
IS 5478,2029-03-31,No,2026-09-11
IS 5484,2028-05-31,No,2026-09-11
IS 550 (Part 1),2027-03-31,No,2026-09-11
IS 5500 (Part 1),2031-03-02,No,2026-09-11
IS 5504,2030-09-30,No,2026-09-11
IS 5509,2031-01-02,No,2026-09-11
IS 5517,2029-04-30,No,2026-09-11
IS 5518,2029-04-30,No,2026-09-11
IS 5522,2029-04-30,No,2026-09-11
IS 5525,2028-06-30,No,2026-09-11
IS 554,2029-04-30,No,2026-09-11
IS 5547,2021-03-31,Yes,2026-09-11
IS 555,2031-01-16,No,2026-09-11
IS 5553 (Part 1),2029-09-30,No,2026-09-11
IS 5557,2031-06-09,No,2026-09-11
IS 5557 (Part 1),2031-06-09,No,2026-09-11
IS 5557 (Part 2),2031-06-09,No,2026-09-11
IS 5561,2028-03-31,No,2026-09-11
IS 5572,2028-01-31,No,2026-09-11
IS 5578,2030-06-25,No,2026-09-11
IS 5600,2027-12-31,No,2026-09-11
IS 5604,2030-08-31,No,2026-09-11
IS 5611,2027-11-30,No,2026-09-11
IS 5613 (Part 1/Sec 1),2026-06-01,Yes,2026-09-11
IS 5624,2026-11-30,No,2026-09-11
IS 5640,2031-03-27,No,2026-09-11
IS 5650,2028-12-31,No,2026-09-11
IS 5651,2029-04-30,No,2026-09-11
IS 5653,2028-12-31,No,2026-09-11
IS 5676,2026-11-30,No,2026-09-11
IS 5715,2029-12-23,No,2026-09-11
IS 5725,2030-06-30,No,2026-09-11
IS 5807 (Part 3),2027-09-30,No,2026-09-11
IS 5819,2029-08-31,No,2026-09-11
IS 5820,2029-08-31,No,2026-09-11
IS 5822,2029-08-31,No,2026-09-11
IS 5831,2026-11-30,No,2026-09-11
IS 5832,2031-02-23,No,2026-09-11
IS 5872,2030-03-31,No,2026-09-11
IS 5892,2030-05-31,No,2026-09-11
IS 5903,2030-05-31,No,2026-09-11
IS 5950,2029-08-31,No,2026-09-11
IS 5961,2027-10-31,No,2026-09-11
IS 5969,2028-01-31,No,2026-09-11
IS 5986,2026-11-30,No,2026-09-11
IS 5991,2030-12-15,No,2026-09-11
IS 6003,2031-03-01,No,2026-09-11
IS 6005,2031-03-27,No,2026-09-11
IS 6006,2029-03-31,No,2026-09-11
IS 6051,2030-01-31,No,2026-09-11
IS 6057,2031-03-27,No,2026-09-11
IS 6071,2029-08-31,No,2026-09-11
IS 6073,2027-01-31,No,2026-09-11
IS 6100,2030-12-11,No,2026-09-11
IS 6103,2026-10-31,No,2026-09-11
IS 6104,2029-07-31,No,2026-09-11
IS 612,2028-07-31,No,2026-09-11
IS 6127,2028-09-30,No,2026-09-11
IS 613,2030-03-31,No,2026-09-11
IS 6149,2030-11-10,No,2026-09-11
IS 6159,2026-03-31,Yes,2026-09-11
IS 6162 (Part 1),2023-06-30,Yes,2026-09-11
IS 617,2029-05-31,No,2026-09-11
IS 6175 (Part 1),2029-08-31,No,2026-09-11
IS 62305 (Part 1),2029-12-31,No,2026-09-11
IS 6236,2031-02-26,No,2026-09-11
IS 6240,2029-03-31,No,2026-09-11
IS 6262,2026-10-31,No,2026-09-11
IS 6272,2029-06-04,No,2026-09-11
IS 6279,2031-02-13,No,2026-09-11
IS 6280,2031-02-13,No,2026-09-11
IS 6295,2027-02-28,No,2026-09-11
IS 6297 (Part 1),2029-01-30,No,2026-09-11
IS 6304,2029-08-31,No,2026-09-11
IS 6312,2031-01-20,No,2026-09-11
IS 6313 (Part 1),2030-09-10,No,2026-09-11
IS 6315,2027-01-31,No,2026-09-11
IS 6343,2031-01-10,No,2026-09-11
IS 636,2029-03-31,No,2026-09-11
IS 6362,2027-11-30,No,2026-09-11
IS 638,2029-10-31,No,2026-09-11
IS 6380,2029-09-30,No,2026-09-11
IS 6392,2028-03-31,No,2026-09-11
IS 6403,2026-12-31,No,2026-09-11
IS 6411,2031-02-27,No,2026-09-11
IS 6418,2030-02-28,No,2026-09-11
IS 6419,2031-02-27,No,2026-09-11
IS 6441 (Part 1),2027-01-31,No,2026-09-11
IS 6452,2029-03-31,No,2026-09-11
IS 6455,2031-02-27,No,2026-09-11
IS 6457,2027-04-01,No,2026-09-11
IS 6477,2031-03-17,No,2026-09-11
IS 648,2030-12-04,No,2026-09-11
IS 649,2029-03-31,No,2026-09-11
IS 650,2028-06-30,No,2026-09-11
IS 651,2027-10-31,No,2026-09-11
IS 6518,2027-04-30,No,2026-09-11
IS 652,2029-10-31,No,2026-09-11
IS 6527,2029-04-30,No,2026-09-11
IS 6528,2031-01-10,No,2026-09-11
IS 6529,2028-03-31,No,2026-09-11
IS 6530,2027-01-31,No,2026-09-11
IS 655,2027-01-31,No,2026-09-11
IS 6554,2026-11-30,No,2026-09-11
IS 6573,2026-06-30,Yes,2026-09-11
IS 6590,2028-02-28,No,2026-09-11
IS 6594,2029-10-31,No,2026-09-11
IS 6603,2029-05-31,No,2026-09-11
IS 661,2029-03-31,No,2026-09-11
IS 6619,2029-01-31,No,2026-09-11
IS 6623,2030-06-25,No,2026-09-11
IS 6631,2029-06-30,No,2026-09-11
IS 6639,2030-06-25,No,2026-09-11
IS 6649,2030-05-02,No,2026-09-11
IS 6664,2026-11-30,No,2026-09-11
IS 6665,2020-03-31,Yes,2026-09-11
IS 6701,2029-03-31,No,2026-09-11
IS 6719,2028-05-31,No,2026-09-11
IS 6721,2030-12-17,No,2026-09-11
IS 6745,2027-10-18,No,2026-09-11
IS 6746,2030-07-31,No,2026-09-11
IS 6754,2030-01-31,No,2026-09-11
IS 6784,2027-03-31,No,2026-09-11
IS 6792,2028-04-30,No,2026-09-11
IS 6831:2023 P,2031-03-25,No,2026-09-11
IS 6850,2028-06-30,No,2026-09-11
IS 6902,2027-03-31,No,2026-09-11
IS 6908,2027-01-31,No,2026-09-11
IS 6909,2031-03-01,No,2026-09-11
IS 6911,2031-02-18,No,2026-09-11
IS 6913,2028-09-30,No,2026-09-11
IS 692,2025-03-31,Yes,2026-09-11
IS 6925,2031-03-27,No,2026-09-11
IS 694,2025-01-01,Yes,2026-09-11
IS 6949,2030-12-15,No,2026-09-11
IS 695,2029-10-31,No,2026-09-11
IS 6950,2029-01-31,No,2026-09-11
IS 6967,2027-03-31,No,2026-09-11
IS 7016 (Part 1/Sec 1),2031-08-11,No,2026-09-11
IS 702,2031-03-12,No,2026-09-11
IS 7022 (Part 1),2029-09-30,No,2026-09-11
IS 7027,2021-03-31,Yes,2026-09-11
IS 7056,2029-07-31,No,2026-09-11
IS 707,2026-10-31,No,2026-09-11
IS 7088,2031-03-27,No,2026-09-11
IS 7090,2031-02-13,No,2026-09-11
IS 7092 (Part 1),2027-03-31,No,2026-09-11
IS 7092 (Part 2),2027-03-31,No,2026-09-11
IS 7093,2031-05-29,No,2026-09-11
IS 7098 (Part 1),2030-11-24,No,2026-09-11
IS 7098 (Part 2),2030-11-24,No,2026-09-11
IS 7098 (Part 3),2030-11-24,No,2026-09-11
IS 710,2029-04-30,No,2026-09-11
IS 7129,2030-12-11,No,2026-09-11
IS 7142,2030-04-30,No,2026-09-11
IS 715,2029-09-30,No,2026-09-11
IS 7181,2029-12-31,No,2026-09-11
IS 7205,2031-01-20,No,2026-09-11
IS 7215,2031-01-20,No,2026-09-11
IS 7226,2027-03-31,No,2026-09-11
IS 7231,2026-03-31,Yes,2026-09-11
IS 7232,2027-11-30,No,2026-09-11
IS 7242,2027-03-31,No,2026-09-11
IS 725,2030-06-25,No,2026-09-11
IS 7251,2027-03-31,No,2026-09-11
IS 7273,2028-05-25,No,2026-09-11
IS 7283,2027-03-31,No,2026-09-11
IS 7285 (Part 1),2027-10-31,No,2026-09-11
IS 729,2031-03-12,No,2026-09-11
IS 7293,2027-03-31,No,2026-09-11
IS 7302,2027-10-31,No,2026-09-11
IS 731,2026-06-30,Yes,2026-09-11
IS 7312,2029-03-31,No,2026-09-11
IS 732,2029-12-31,No,2026-09-11
IS 7321,2030-08-01,No,2026-09-11
IS 7322,2030-08-01,No,2026-09-11
IS 7323,2028-01-31,No,2026-09-11
IS 7328,2030-07-31,No,2026-09-11
IS 733,2030-12-29,No,2026-09-11
IS 734,2027-03-31,No,2026-09-11
IS 7343,2031-01-09,No,2026-09-11
IS 7357,2030-03-31,No,2026-09-11
IS 736,2031-02-20,No,2026-09-11
IS 737,2030-12-29,No,2026-09-11
IS 739,2027-03-31,No,2026-09-11
IS 7391 (Part 1),2023-01-01,Yes,2026-09-11
IS 740,2027-03-31,No,2026-09-11
IS 7403,2028-03-31,No,2026-09-11
IS 7404 (Part 1),2029-12-25,No,2026-09-11
IS 7421,2031-05-08,No,2026-09-11
IS 745,2031-01-28,No,2026-09-11
IS 7452,2027-12-31,No,2026-09-11
IS 7466,2028-05-31,No,2026-09-11
IS 7483,2028-10-31,No,2026-09-11
IS 7485 (Part 1),2028-10-31,No,2026-09-11
IS 7486,2028-10-31,No,2026-09-11
IS 7494,2028-10-31,No,2026-09-11
IS 7506,2031-03-05,No,2026-09-11
IS 7534,2031-01-20,No,2026-09-11
IS 7537,2026-11-30,No,2026-09-11
IS 7538,2031-02-02,No,2026-09-11
IS 7557,2027-03-31,No,2026-09-11
IS 7558,2027-02-28,No,2026-09-11
IS 7569,2029-03-31,No,2026-09-11
IS 7572,2029-06-30,No,2026-09-11
IS 7620 (Part 1),2031-08-07,No,2026-09-11
IS 7634 (Part 1),2027-06-30,No,2026-09-11
IS 7634 (Part 2),2027-06-30,No,2026-09-11
IS 7634 (Part 3),2027-06-30,No,2026-09-11
IS 7637,2029-10-31,No,2026-09-11
IS 7686,2029-10-31,No,2026-09-11
IS 7689,2029-12-31,No,2026-09-11
IS 774,2026-12-30,No,2026-09-11
IS 7752 (Part 1),2026-12-31,No,2026-09-11
IS 778,2031-02-27,No,2026-09-11
IS 7784 (Part 1),2029-09-30,No,2026-09-11
IS 7785 (Part 1),2029-04-30,No,2026-09-11
IS 7785 (Part 2),2029-04-30,No,2026-09-11
IS 7785 (Part 3),2029-04-30,No,2026-09-11
IS 7785 (Part 4/Sec 1),2029-04-30,No,2026-09-11
IS 7785 (Part 5/Sec 1),2029-04-30,No,2026-09-11
IS 7785 (Part 6/Sec 1),2029-04-30,No,2026-09-11
IS 779,2031-02-27,No,2026-09-11
IS 7809 (Part 1),2028-01-31,No,2026-09-11
IS 7809 (Part 3/Sec 1),2028-01-31,No,2026-09-11
IS 781,2031-02-27,No,2026-09-11
IS 7814,2031-03-23,No,2026-09-11
IS 783,2027-01-31,No,2026-09-11
IS 7834 (Part 1),2028-05-30,No,2026-09-11
IS 7834 (Part 2),2028-05-30,No,2026-09-11
IS 7834 (Part 3),2028-05-30,No,2026-09-11
IS 7834 (Part 4),2028-05-30,No,2026-09-11
IS 7834 (Part 5),2028-05-30,No,2026-09-11
IS 7834 (Part 6),2028-05-30,No,2026-09-11
IS 7834 (Part 7),2028-05-30,No,2026-09-11
IS 7834 (Part 8),2028-05-30,No,2026-09-11
IS 784,2029-03-31,No,2026-09-11
IS 7861 (Part 1),2031-03-27,No,2026-09-11
IS 7872,2029-06-30,No,2026-09-11
IS 7887,2027-03-31,No,2026-09-11
IS 7902,2027-03-31,No,2026-09-11
IS 7904,2028-05-31,No,2026-09-11
IS 7969,2027-03-31,No,2026-09-11
IS 797,2028-10-31,No,2026-09-11
IS 798,2029-04-30,No,2026-09-11
IS 800,2027-12-31,No,2026-09-11
IS 8000 (Part 1),2028-08-31,No,2026-09-11
IS 8008 (Part 1),2027-03-31,No,2026-09-11
IS 8008 (Part 2),2027-03-31,No,2026-09-11
IS 8008 (Part 3),2027-03-31,No,2026-09-11
IS 8008 (Part 4),2027-03-31,No,2026-09-11
IS 8008 (Part 5),2027-03-31,No,2026-09-11
IS 8008 (Part 6),2027-03-31,No,2026-09-11
IS 8008 (Part 7),2027-03-31,No,2026-09-11
IS 8008 (Part 8),2027-03-31,No,2026-09-11
IS 8008 (Part 9),2027-03-31,No,2026-09-11
IS 802 (Part 1/Sec 1),2030-08-31,No,2026-09-11
IS 803,2027-12-31,No,2026-09-11
IS 8034,2027-10-31,No,2026-09-11
IS 8041,2029-03-31,No,2026-09-11
IS 8042,2030-12-31,No,2026-09-11
IS 8043,2029-03-31,No,2026-09-11
IS 8052,2027-03-31,No,2026-09-11
IS 8058,2031-03-03,No,2026-09-11
IS 806,2027-12-31,No,2026-09-11
IS 8061,2029-12-31,No,2026-09-11
IS 8062 (Part 2),2028-11-30,No,2026-09-11
IS 807,2031-03-12,No,2026-09-11
IS 808,2026-07-28,Yes,2026-09-11
IS 8090,2030-06-20,No,2026-09-11
IS 8119,2029-03-31,No,2026-09-11
IS 813 (Part 1),2028-06-30,No,2026-09-11
IS 8130,2030-11-24,No,2026-09-11
IS 814,2031-02-27,No,2026-09-11
IS 8144,2030-06-30,No,2026-09-11
IS 8148,2027-05-12,No,2026-09-11
IS 816,2028-05-25,No,2026-09-11
IS 817 (Part 1),2028-05-25,No,2026-09-11
IS 8183,2030-11-14,No,2026-09-11
IS 822,2028-05-25,No,2026-09-11
IS 8225,2029-09-30,No,2026-09-11
IS 8229,2028-06-30,No,2026-09-11
IS 8231,2028-12-31,No,2026-09-11
IS 8263,2029-10-31,No,2026-09-11
IS 8270,2028-05-31,No,2026-09-11
IS 829,2027-12-31,No,2026-09-11
IS 8308,2031-05-29,No,2026-09-11
IS 8309,2031-05-29,No,2026-09-11
IS 8320,2031-07-06,No,2026-09-11
IS 8329,2030-11-06,No,2026-09-11
IS 8331,2028-08-31,No,2026-09-11
IS 8337,2031-05-29,No,2026-09-11
IS 8360 (Part 1),2031-02-28,No,2026-09-11
IS 8360 (Part 2),2031-02-28,No,2026-09-11
IS 8360 (Part 3),2031-02-28,No,2026-09-11
IS 8394,2031-05-29,No,2026-09-11
IS 8395,2031-02-28,No,2026-09-11
IS 8402,2030-07-31,No,2026-09-11
IS 841,2030-12-16,No,2026-09-11
IS 8413 (Part 1),2031-02-13,No,2026-09-11
IS 8419,2028-11-30,No,2026-09-11
IS 8423,2030-06-20,No,2026-09-11
IS 8438,2031-05-29,No,2026-09-11
IS 8442,2029-10-31,No,2026-09-11
IS 8448,2030-06-30,No,2026-09-11
IS 8468 (Part 1),2030-12-12,No,2026-09-11
IS 8478,2030-12-12,No,2026-09-11
IS 848,2030-06-30,No,2026-09-11
IS 851,2029-10-31,No,2026-09-11
IS 8510 (Part 1 to 3),2027-03-31,No,2026-09-11
IS 853,2028-06-30,No,2026-09-11
IS 8563,2027-03-31,No,2026-09-11
IS 8564,2027-03-31,No,2026-09-11
IS 8565,2027-03-31,No,2026-09-11
IS 8566,2027-03-31,No,2026-09-11
IS 863,2028-12-31,No,2026-09-11
IS 8637,2029-10-31,No,2026-09-11
IS 8662,2024-05-31,Yes,2026-09-11
IS 8674,2027-08-31,No,2026-09-11
IS 8685,2029-05-31,No,2026-09-11
IS 8686,2021-03-31,Yes,2026-09-11
IS 869,2031-02-28,No,2026-09-11
IS 8709,2028-07-31,No,2026-09-11
IS 8737,2027-10-31,No,2026-09-11
IS 8748,2028-08-31,No,2026-09-11
IS 875,2028-05-31,No,2026-09-11
IS 8756,2027-01-31,No,2026-09-11
IS 8757,2029-05-24,No,2026-09-11
IS 8776,2029-10-31,No,2026-09-11
IS 878,2027-12-31,No,2026-09-11
IS 8784,2023-04-30,Yes,2026-09-11
IS 8792,2029-05-15,No,2026-09-11
IS 8793,2028-05-31,No,2026-09-11
IS 884,2030-04-30,No,2026-09-11
IS 8870,2027-01-31,No,2026-09-11
IS 8884,2030-06-30,No,2026-09-11
IS 8887,2031-03-25,No,2026-09-11
IS 8901,2031-02-26,No,2026-09-11
IS 8913,2030-07-31,No,2026-09-11
IS 8917,2027-03-31,No,2026-09-11
IS 8923,2025-01-01,Yes,2026-09-11
IS 8931,2026-12-30,No,2026-09-11
IS 8951,2026-11-30,No,2026-09-11
IS 8952,2026-11-30,No,2026-09-11
IS 8969,2026-03-31,Yes,2026-09-11
IS 897,2030-12-03,No,2026-09-11
IS 8989,2028-03-31,No,2026-09-11
IS 8997,2028-11-26,No,2026-09-11
IS 8998,2029-05-15,No,2026-09-11
IS 900,2029-06-30,No,2026-09-11
IS 9000 (Part 19/Sec 1 to 5),2027-10-31,No,2026-09-11
IS 9000 (Part 6),2027-10-31,No,2026-09-11
IS 901,2027-09-30,No,2026-09-11
IS 9013,2028-06-30,No,2026-09-11
IS 902,2027-09-30,No,2026-09-11
IS 903,2030-03-31,No,2026-09-11
IS 904,2030-06-20,No,2026-09-11
IS 907,2030-06-20,No,2026-09-11
IS 908,2030-06-20,No,2026-09-11
IS 909,2027-09-30,No,2026-09-11
IS 9103,2028-06-30,No,2026-09-11
IS 9110,2031-02-13,No,2026-09-11
IS 9130,2028-06-23,No,2026-09-11
IS 9135,2022-03-31,Yes,2026-09-11
IS 9137,2029-03-31,No,2026-09-11
IS 9139,2028-12-31,No,2026-09-11
IS 915,2026-09-30,No,2026-09-11
IS 916,2027-01-31,No,2026-09-11
IS 919 (Part 1),2029-04-30,No,2026-09-11
IS 9206,2029-05-31,No,2026-09-11
IS 9213,2029-12-23,No,2026-09-11
IS 9220,2029-03-31,No,2026-09-11
IS 9228,2030-11-24,No,2026-09-11
IS 9271,2029-04-30,No,2026-09-11
IS 9283,2031-04-08,No,2026-09-11
IS 9284,2031-03-27,No,2026-09-11
IS 9294,2028-08-31,No,2026-09-11
IS 9335 (Part 1),2029-04-30,No,2026-09-11
IS 9338,2028-09-30,No,2026-09-11
IS 937,2027-09-30,No,2026-09-11
IS 9385,2029-10-31,No,2026-09-11
IS 9402,2029-09-30,No,2026-09-11
IS 9417,2028-06-30,No,2026-09-11
IS 9442,2027-03-31,No,2026-09-11
IS 9457,2030-05-31,No,2026-09-11
IS 9476,2027-03-31,No,2026-09-11
IS 9485,2027-03-31,No,2026-09-11
IS 9511,2029-03-31,No,2026-09-11
IS 9516,2029-04-30,No,2026-09-11
IS 9523,2031-01-22,No,2026-09-11
IS 9537 (Part 1),2030-05-31,No,2026-09-11
IS 9537 (Part 2),2030-05-31,No,2026-09-11
IS 9537 (Part 3),2030-05-31,No,2026-09-11
IS 9537 (Part 4),2030-05-31,No,2026-09-11
IS 9537 (Part 5),2030-05-31,No,2026-09-11
IS 9537 (Part 6),2030-05-31,No,2026-09-11
IS 9537 (Part 8),2030-05-31,No,2026-09-11
IS 9553,2031-05-29,No,2026-09-11
IS 9562,2027-09-30,No,2026-09-11
IS 9567,2028-12-11,No,2026-09-11
IS 9573 (Part 1),2029-07-31,No,2026-09-11
IS 9573 (Part 2),2029-07-31,No,2026-09-11
IS 9583,2023-03-31,Yes,2026-09-11
IS 9589,2030-11-14,No,2026-09-11
IS 9595,2028-05-25,No,2026-09-11
IS 9627,2030-08-01,No,2026-09-11
IS 9629,2028-08-31,No,2026-09-11
IS 963,2031-02-28,No,2026-09-11
IS 9646,2031-05-29,No,2026-09-11
IS 9668,2030-06-20,No,2026-09-11
IS 9676,2030-01-31,No,2026-09-11
IS 9708,2024-01-01,Yes,2026-09-11
IS 9739,2027-10-31,No,2026-09-11
IS 9740,2029-03-31,No,2026-09-11
IS 9755,2030-05-31,No,2026-09-11
IS 9758,2027-10-31,No,2026-09-11
IS 9759,2026-11-30,No,2026-09-11
IS 9762,2031-02-27,No,2026-09-11
IS 9798,2028-11-30,No,2026-09-11
IS 9800,2029-08-05,No,2026-09-11
IS 9815 (Part 1),2030-02-28,No,2026-09-11
IS 9842,2029-01-31,No,2026-09-11
IS 9845,2030-07-31,No,2026-09-11
IS 9857,2031-05-29,No,2026-09-11
IS 9873 (Part 1),2030-11-30,No,2026-09-11
IS 9873 (Part 2),2030-11-30,No,2026-09-11
IS 9873 (Part 3),2030-11-30,No,2026-09-11
IS 9873 (Part 4),2030-11-30,No,2026-09-11
IS 9873 (Part 7),2030-11-30,No,2026-09-11
IS 9873 (Part 9),2030-11-30,No,2026-09-11
IS 9891,2024-06-30,Yes,2026-09-11
IS 9900 (Part 1),2027-07-31,No,2026-09-11
IS 9900 (Part 2),2027-07-31,No,2026-09-11
IS 9900 (Part 3),2027-07-31,No,2026-09-11
IS 9900 (Part 4),2027-07-31,No,2026-09-11
IS 9912,2030-07-31,No,2026-09-11
IS 9926,2030-12-08,No,2026-09-11
IS 9938,2028-05-31,No,2026-09-11
IS 9954,2030-09-17,No,2026-09-11
IS 996,2030-05-31,No,2026-09-11
IS 9962,2027-03-31,No,2026-09-11
IS 9968 (Part 1),2031-03-18,No,2026-09-11
IS 9968 (Part 2),2031-03-18,No,2026-09-11
IS 9972,2022-09-30,Yes,2026-09-11
IS 9974 (Part 1),2029-03-31,No,2026-09-11
IS 9974 (Part 2),2029-03-31,No,2026-09-11
IS 9997,2028-06-30,No,2026-09-11
IS/IEC 60034 (Part 1),2030-03-24,No,2026-09-11
IS/IEC 60079 (Part 0),2031-02-26,No,2026-09-11
IS/IEC 60255 (Part 1),2030-01-31,No,2026-09-11
IS/IEC 60309 (Part 1),2028-11-01,No,2026-09-11
IS/IEC 60309 (Part 2),2028-11-01,No,2026-09-11
IS/IEC 60320 (Part 1),2028-09-01,No,2026-09-11
IS/IEC 60320 (Part 2/Sec 2),2028-09-01,No,2026-09-11
IS/IEC 60320 (Part 2/Sec 3),2028-09-01,No,2026-09-11
IS/IEC 60529,2030-07-31,No,2026-09-11
IS/IEC 60898 (Part 1),2028-05-01,No,2026-09-11
IS/IEC 60947 (Part 1),2028-05-31,No,2026-09-11
IS/IEC 60947 (Part 2),2028-05-31,No,2026-09-11
IS/IEC 61058 (Part 1),2028-05-31,No,2026-09-11
IS/IEC 61439 (Part 0),2029-03-31,No,2026-09-11
IS/IEC 61683,2025-02-28,Yes,2026-09-11
IS/IEC 61701,2024-03-31,Yes,2026-09-11
IS/IEC 61730 (Part 1),2024-06-30,Yes,2026-09-11
IS/IEC 61730 (Part 2),2024-06-30,Yes,2026-09-11
IS/IEC 62271 (Part 1),2028-11-01,No,2026-09-11
Is 12444,2030-12-15,No,2026-09-11
Is 15658,2031-01-31,No,2026-09-11
Is 1656,2030-12-15,No,2026-09-11
Is 17404,2030-12-04,No,2026-09-11
Is 17569,2031-08-11,No,2026-09-11
Is 17790,2031-08-11,No,2026-09-11
Is 1791,2031-01-22,No,2026-09-11
Is 2347,2030-11-20,No,2026-09-11
Is 4824,2030-12-04,No,2026-09-11
Is 648,2030-12-04,No,2026-09-11
SP 30,2028-01-31,No,2026-09-11
SP 31,2030-03-31,No,2026-09-11
SP 57,2030-03-31,No,2026-09-11
SP 72,2030-10-10,No,2026-09-11
