Tender ID,Product Family,IS Numbers Cited,Foreign Standards Cited,Count,Outdated Citations,Any Outdated,Document Type,Usability,Source Link,Unmatched Citations
2025_06_13_09_32_05_technical_compliance,Electrical cables and wiring,IS 300; IS 613; IS 3975; IS 4905; IS 5082; IS 5831; IS 7098; IS 8130; IS 9968; IS 10418; IS 10810,,11,,Not checked,Text PDF,Usable,https://mkp.gem.gov.in/catalog_data/catalog_support_document/00/58/120/CatalogAttrs/SpecificationDocument/2025/6/13/2025_06_13_09_32_05_technical_compliance_2025-06-13-09-32-06_64b742aa7189962fe54f8a902c5c5aaf.pdf,IS 300; IS 613; IS 3975; IS 4905; IS 5082
1722334397.pdf,Electrical cables and wiring,IS 1255; IS 1554; IS 1554 (Part 1); IS 3961; IS 3975; IS 5831; IS 7098; IS 7098 (Part 1); IS 8130; IS 10418; IS 17573,,11,,Not checked,Text PDF,Usable,https://bidplus.gem.gov.in/bidding/bid/documentdownload/6713228/1722334397.pdf,IS 3975; IS 17573
Tender Document-LT Cable.pdf,Electrical cables and wiring,IS 1255; IS 3975; IS 4905; IS 5831; IS 7098; IS 8130; IS 10418; IS 10810,,8,,Not checked,Text PDF,Usable,https://cochinport.gov.in/sites/default/files/2020-06/Tender%20Document-LT%20Cable.pdf,IS 3975; IS 4905
1784606099.pdf,Electrical cables and wiring,IS 3975; IS 4905; IS 5831; IS 7098; IS 8130; IS 10418; IS 10810,,7,,Not checked,Text PDF,Usable,https://bidplus.gem.gov.in/bidding/bid/documentdownload/9569038/1784606099.pdf,IS 3975; IS 4905
tender_document_pvc_insulated_calbe_2026,Unclassified,,,0,,Not checked,Scanned PDF,Not extractable,https://mkp.gem.gov.in/uploaded_documents/51/16/877/OrderItem/BoqDocument/2026/4/15/tender_document_pvc_insulated_calbe_2026-04-15-16-46-48_e01afd8d94007a330875ea7a6631b7fd.pdf,
1776313684.pdf,Electrical cables and wiring,IS 694; IS 5831; IS 8130,,3,,No,Text PDF,Usable,https://bidplus.gem.gov.in/bidding/bid/documentdownload/9222285/1776313684.pdf,
1729688753_VolumeIII258.pdf,Electrical cables and wiring,IS 204; IS 277; IS 281; IS 694; IS 808; IS 1173; IS 1341; IS 1730; IS 1732; IS 2062; IS 13592; IS 14375,,12,,Not checked,Text PDF,Usable,https://epi.gov.in/admin/image/tenders/1729688753_VolumeIII258.pdf,IS 204; IS 277; IS 281; IS 808; IS 1173; IS 1341; IS 1730; IS 1732; IS 2062; IS 14375
1709810880_AddendumI.pdf,Electrical cables and wiring,IS 101; IS 104; IS 158; IS 210; IS 269; IS 277; IS 318; IS 320; IS 325; IS 374; IS 383; IS 415; IS 432; IS 455; IS 456; IS 458; IS 513; IS 516; IS 554; IS 600; IS 613; IS 638; IS 651; IS 655; IS 661; IS 694; IS 702; IS 722; IS 732; IS 771 (Part 1); IS 771 (Part I); IS 774; IS 775; IS 778; IS 779; IS 780; IS 781; IS 783; IS 800; IS 803; IS 806; IS 808; IS 813; IS 814; IS 816; IS 822; IS 875; IS 919; IS 1024; IS 1068; IS 1077; IS 1139; IS 1161; IS 1172; IS 1182; IS 1199; IS 1231; IS 1239; IS 1239 (Part 1); IS 1248; IS 1255; IS 1293; IS 1303; IS 1363; IS 1367; IS 1367 (Part 1); IS 1367 (Part 2); IS 1377; IS 1395; IS 1460; IS 1477; IS 1489; IS 1500; IS 1536; IS 1538; IS 1544; IS 1554; IS 1554 (Part 2); IS 1700; IS 1703; IS 1711; IS 1726; IS 1729; IS 1742; IS 1786; IS 1852; IS 1879; IS 1913; IS 1944; IS 1944 (Part 1); IS 1978; IS 1979; IS 2026; IS 2062; IS 2064; IS 2065; IS 2074; IS 2099; IS 2104; IS 2189; IS 2312; IS 2326; IS 2373; IS 2379; IS 2501; IS 2527; IS 2544; IS 2548 (Part 1); IS 2548 (Part 2); IS 2548 (Part I); IS 2551; IS 2556; IS 2556 (Part 1); IS 2556 (Part 11); IS 2556 (Part 12); IS 2556 (Part 15); IS 2556 (Part 2); IS 2556 (Part 3); IS 2556 (Part 4); IS 2556 (Part 7); IS 2556 (Part 8); IS 2595; IS 2629; IS 2633; IS 2643 (Part 1); IS 2643 (Part 2); IS 2643 (Part 3); IS 2667; IS 2685; IS 2692; IS 2705; IS 2717; IS 2751; IS 2800 (Part II); IS 2834; IS 2906; IS 2932; IS 2963; IS 3025; IS 3043; IS 3114; IS 3144; IS 3156; IS 3231; IS 3311; IS 3427; IS 3452; IS 3468; IS 3502; IS 3588; IS 3589; IS 3600; IS 3646; IS 3658; IS 3696; IS 3696 (Part 1); IS 3696 (Part 2); IS 3757; IS 3854; IS 3950; IS 3989; IS 4000; IS 4007; IS 4014; IS 4038; IS 4111 (Part 1); IS 4127; IS 4232; IS 4260; IS 4346; IS 4353; IS 4711; IS 4722; IS 4759; IS 4853; IS 4889; IS 4894; IS 4926; IS 4985; IS 5082; IS 5312; IS 5312 (Part 1); IS 5329; IS 5334; IS 5382; IS 5414; IS 5455; IS 5578; IS 5831; IS 5832; IS 5961; IS 6005; IS 6159; IS 6249; IS 6297; IS 6392; IS 6411; IS 6418; IS 6553; IS 6603; IS 6619; IS 6639; IS 6665; IS 6875; IS 7090; IS 7098; IS 7098 (Part I); IS 7181; IS 7205; IS 7215; IS 7558; IS 7634 (Part 3); IS 7834 (Part 1); IS 7969; IS 8034; IS 8041; IS 8048; IS 8112; IS 8130; IS 8183; IS 8225; IS 8321; IS 8329; IS 8419; IS 8931; IS 8989; IS 9000; IS 9103; IS 9283; IS 9385; IS 9523; IS 9537; IS 9595; IS 9668; IS 9758; IS 9842; IS 9912; IS 9920; IS 9954; IS 10000; IS 10118; IS 10221; IS 10234; IS 10262; IS 10322; IS 10446; IS 10810; IS 11149; IS 11171; IS 11723; IS 11790; IS 11906; IS 12065; IS 12075; IS 12118; IS 12183 (Part 1); IS 12235 (Part 1); IS 12251; IS 12288; IS 12330; IS 12406; IS 12615; IS 12701; IS 12778; IS 12820; IS 12843; IS 12992; IS 13095; IS 13183; IS 13360 (Part 6); IS 13592; IS 13703; IS 13756; IS 13925; IS 13947; IS 13947 (Part 1); IS 14587; IS 14665 (Part 1); IS 14665 (Part 2); IS 14665 (Part 3); IS 14665 (Part 4); IS 14665 (Part 5); IS 14700; IS 14846; IS 14930 (Part II); IS 15330; IS 15477; IS 15652; IS 15778; IS 15885; IS 15885 (Part 2); IS 16101; IS 16102; IS 16103; IS 16103 (Part 1); IS 16103 (Part 2); IS 16104; IS 16105; IS 16106; IS 16107; IS 16107 (Part 1); IS 16108; IS 16205 (Part 24); IS 16636; IS 19947; IS 23896; IS 60034; IS 61439; IS 62271; IS 62305,,310,,Not checked,Text PDF,Multi-scope,https://epi.gov.in/admin/image/tenders/1709810880_AddendumI.pdf,
1707995595_Tenderdoc158.pdf,Pipes (PVC and GI),IS 100; IS 101; IS 104; IS 150; IS 158; IS 164; IS 210; IS 226; IS 269; IS 277; IS 318; IS 320; IS 325; IS 383; IS 432; IS 455; IS 456; IS 458; IS 500; IS 513; IS 516; IS 554; IS 638; IS 651; IS 694; IS 702; IS 736; IS 771 (Part 1); IS 771 (Part I); IS 774; IS 775; IS 778; IS 779; IS 780; IS 781; IS 783; IS 800; IS 803; IS 806; IS 808; IS 813; IS 814; IS 816; IS 822; IS 875 (Part I); IS 919; IS 1024; IS 1068; IS 1077; IS 1139; IS 1161; IS 1172; IS 1182; IS 1199; IS 1239; IS 1239 (Part 1); IS 1303; IS 1363; IS 1364; IS 1367; IS 1367 (Part 1); IS 1367 (Part 2); IS 1377; IS 1395; IS 1477; IS 1489; IS 1500; IS 1536; IS 1538; IS 1554; IS 1554 (Part 2); IS 1700; IS 1703; IS 1711; IS 1726; IS 1729; IS 1742; IS 1786; IS 1852; IS 1879; IS 1893 (Part I); IS 1978; IS 1979; IS 1992; IS 2062; IS 2064; IS 2065; IS 2074; IS 2104; IS 2326; IS 2373; IS 2379; IS 2501; IS 2527; IS 2548 (Part 1); IS 2548 (Part 2); IS 2548 (Part I); IS 2556; IS 2556 (Part 1); IS 2556 (Part 11); IS 2556 (Part 12); IS 2556 (Part 15); IS 2556 (Part 2); IS 2556 (Part 3); IS 2556 (Part 4); IS 2556 (Part 7); IS 2556 (Part 8); IS 2595; IS 2629; IS 2643 (Part 1); IS 2643 (Part 2); IS 2643 (Part 3); IS 2685; IS 2692; IS 2717; IS 2720; IS 2751; IS 2800; IS 2906; IS 2932; IS 2963; IS 3025; IS 3114; IS 3144; IS 3311; IS 3468; IS 3502; IS 3589; IS 3600; IS 3614; IS 3658; IS 3696; IS 3757; IS 3764; IS 3950; IS 3989; IS 4000; IS 4014; IS 4038; IS 4111 (Part 1); IS 4127; IS 4260; IS 4346; IS 4353; IS 4711; IS 4853; IS 4923; IS 4926; IS 4985; IS 5312; IS 5312 (Part 1); IS 5329; IS 5334; IS 5382; IS 5414; IS 5455; IS 5832; IS 5961; IS 6159; IS 6249; IS 6392; IS 6403; IS 6411; IS 6418; IS 6603; IS 6639; IS 7181; IS 7205; IS 7215; IS 7357; IS 7558; IS 7634 (Part 3); IS 7834 (Part 1); IS 7969; IS 8034; IS 8041; IS 8112; IS 8183; IS 8225; IS 8321; IS 8329; IS 8931; IS 9103; IS 9283; IS 9523; IS 9595; IS 9668; IS 9758; IS 9842; IS 9912; IS 9954; IS 10221; IS 10234; IS 10262; IS 10446; IS 11149; IS 11723; IS 11790; IS 11906; IS 12118; IS 12183 (Part 1); IS 12235 (Part 1); IS 12251; IS 12288; IS 12330; IS 12406; IS 12592; IS 12701; IS 12778; IS 12820; IS 12843; IS 12992; IS 13095; IS 13183; IS 13592; IS 13756; IS 14587; IS 14846; IS 15477; IS 15622; IS 15658; IS 15778; IS 23896,,223,,Not checked,Text PDF,Multi-scope,https://epi.gov.in/admin/image/tenders/1707995595_Tenderdoc158.pdf,
1732271752_Vol-3.pdf,Electrical cables and wiring,IS 383; IS 694; IS 3224; IS 7285; IS 13849; IS 14609; IS 15683,,7,,Not checked,Text PDF,Usable,https://epi.gov.in/admin/image/tenders/1732271752_Vol-3.pdf,IS 383; IS 3224; IS 7285; IS 13849; IS 14609; IS 15683
1729169098_Vol-3.pdf,Pipes (PVC and GI),IS 694; IS 2556; IS 2878; IS 3224; IS 4947; IS 4989 (Part II); IS 6313; IS 7285; IS 10204; IS 12701; IS 13592; IS 13849; IS 14609; IS 15778,,14,,Not checked,Text PDF,Usable,https://epi.gov.in/admin/image/tenders/1729169098_Vol-3.pdf,IS 2556; IS 2878; IS 3224; IS 4947; IS 4989 (Part II); IS 6313; IS 7285; IS 10204; IS 12701; IS 13849; IS 14609
NIT-832.pdf,Electrical cables and wiring,IS 694; IS 1554 (Part 2); IS 7098 (Part 1); IS 8231; IS 11143; IS 11654 (Part 3); IS 14927 (Part 2); IS 15541,,8,,Not checked,Text PDF,Usable,https://sjvn.nic.in/sites/default/files/2026-07/NIT-832.pdf,IS 8231; IS 11143; IS 11654 (Part 3); IS 15541
NIT_SSI4425P18.pdf,Electrical cables and wiring,IS 694; IS 1554,,2,,No,Text PDF,Usable,https://www.oilindia.nic.in/files/oldtender/national/NIT_SSI4425P18.pdf,
NIQ07_e45a4a3c-5763-4947-acf8-a4cdeab92f,Unclassified,,,0,,Not checked,Other,Not extractable,https://cewacor.nic.in/Document/2024/January/Work_Documents/Applicant_Recno1//NIQ07_e45a4a3c-5763-4947-acf8-a4cdeab92ffd.pdf,
b081a080-da25-469a-a3bb-0f8609ea0ce2.pdf,Electrical cables and wiring,IS 193; IS 205; IS 217; IS 251; IS 252; IS 285; IS 362; IS 371; IS 408; IS 493; IS 544; IS 546; IS 694; IS 745; IS 797; IS 853; IS 1118; IS 1155; IS 1171; IS 1341; IS 1374; IS 1540 (Part 1); IS 1660; IS 1664; IS 1848 (Part 1); IS 1862; IS 1883; IS 1932; IS 1961; IS 2215; IS 2257; IS 2319; IS 2323; IS 2556; IS 2556 (Part 7); IS 2561; IS 2587; IS 2932; IS 3313; IS 3473; IS 3576; IS 3818; IS 3959; IS 4106; IS 4199; IS 4308; IS 4364; IS 4811; IS 4955; IS 5321; IS 5969; IS 6831; IS 6850; IS 7056; IS 8231; IS 8331; IS 9220; IS 9523; IS 9629; IS 9740; IS 10322 (Part 5); IS 11375; IS 11656; IS 11833; IS 12334; IS 12717; IS 12817; IS 13095; IS 13262; IS 13656; IS 14255; IS 14756; IS 14982; IS 15449 (Part 1); IS 15532; IS 15658; IS 15683; IS 16097; IS 16102 (Part 2); IS 16218; IS 16301; IS 16468; IS 17636,,83,,Not checked,Text PDF,Multi-scope,https://sportsauthorityofindia.nic.in/sai_new/public/assets/uploads/tenders/b081a080-da25-469a-a3bb-0f8609ea0ce2.pdf,
Execution_Electrical_Civil_Works_Ground_,Electrical cables and wiring,IS 277; IS 374; IS 694; IS 733; IS 1285; IS 1391 (Part II); IS 2993; IS 5382; IS 9968; IS 10322; IS 10617; IS 11329; IS 12615; IS 12701; IS 13592; IS 14930,,16,,Not checked,Text PDF,Usable,https://www.nia.nic.in/pdf/Execution_Electrical_Civil_Works_Ground_Plus_Two_Building_NIA_Jaipur_28_july_2026.pdf,IS 277; IS 374; IS 733; IS 1285; IS 1391 (Part II); IS 2993; IS 5382; IS 10617; IS 11329; IS 12615; IS 12701
1tlVzErHDraft Tender Document revised.pd,Electrical cables and wiring,IS 273; IS 274 (Part 1); IS 434 (Part 1); IS 513; IS 694; IS 725; IS 841; IS 1570; IS 2089; IS 2615; IS 2745; IS 4572; IS 4722; IS 4770; IS 4953; IS 5604; IS 5991,,17,IS 434 (Part 1),Yes,Text PDF,Usable,https://srcodisha.nic.in/tender/1tlVzErHDraft%20Tender%20Document%20revised.pdf,IS 273; IS 274 (Part 1); IS 513; IS 725; IS 841; IS 1570; IS 2089; IS 2615; IS 2745; IS 4572; IS 4722; IS 4770; IS 4953; IS 5604; IS 5991
bo5iuhy.pdf,Unclassified,,,0,,Not checked,Other,Not extractable,https://www.moil.nic.in/upload_files/bo5iuhy.pdf,
pqr_and_technical_specification_2025-08-,Unclassified,,,0,,Not checked,Scanned PDF,Not extractable,https://mkp.gem.gov.in/catalog_data/catalog_support_document/buyer_documents/3528081/54/78/703/CatalogAttrs/SpecificationDocument/2025/8/13/pqr_and_technical_specification_2025-08-13-09-03-29_c751929ec9712d8692be6c6ee778d3ed.pdf,
open_tender_enquiry_2026-07-06-18-57-36.,Electrical cables and wiring,IS 694; IS 11967 (Part 1),,2,,Not checked,Text PDF,Usable,https://www.ucil.gov.in/public/uploads/open_tender_enquiry/open_tender_enquiry_2026-07-06-18-57-36.pdf,IS 11967 (Part 1)
1486031882490_2315165283.PDF,Electrical cables and wiring,IS 694,,1,,No,Text PDF,Usable,https://rcf.indianrailways.gov.in/rcf/notice/1486031882490_2315165283.PDF,
1459575864466_507 LoA PGT-POY pump.pdf,Electrical cables and wiring,IS 694,,1,,No,Text PDF,Usable,https://sr.indianrailways.gov.in/sr/award/1459575864466_507%20LoA%20PGT-POY%20pump.pdf,
TD02_pdf-2022-Apr-28-17-16-30.pdf,Electrical cables and wiring,IS 210; IS 226; IS 282; IS 306; IS 335; IS 383; IS 398; IS 456; IS 516; IS 617; IS 694; IS 732; IS 800; IS 808; IS 816; IS 875; IS 875 (Part III); IS 1180; IS 1255; IS 1387; IS 1608; IS 1786; IS 1897; IS 2004; IS 2026; IS 2062; IS 2074; IS 2099; IS 2108; IS 2141; IS 2309; IS 2629; IS 2633; IS 2705; IS 2705 (Part I); IS 2713; IS 3043; IS 3091; IS 3156; IS 3188; IS 3231; IS 3427; IS 3764; IS 4759; IS 4984; IS 5082; IS 5500; IS 6792; IS 7098; IS 7098 (Part 1); IS 7404 (Part 1); IS 7404 (Part I); IS 8000; IS 8623; IS 9103; IS 10028; IS 10322; IS 11000; IS 12433; IS 12463; IS 13118; IS 13849; IS 13942; IS 13947; IS 15622; IS 15885; IS 60947,,67,,Not checked,Text PDF,Multi-scope,https://www.rites.com/Upload/Tender/TD02_pdf-2022-Apr-28-17-16-30.pdf,
Tendernotice_1+(15).pdf,Unclassified,IS 1489,,1,,Not checked,Text PDF,Usable,https://www.irel.co.in/documents/20126/0/Tendernotice_1+%2815%29.pdf,IS 1489
VolumeIIpartIIItechnicalspecification.pd,Electrical cables and wiring,IS 209; IS 269; IS 278; IS 280; IS 300; IS 335; IS 383; IS 398; IS 432; IS 456; IS 556; IS 617; IS 694; IS 731; IS 800; IS 806; IS 823; IS 940; IS 1161; IS 1230; IS 1239; IS 1340; IS 1343; IS 1363; IS 1367; IS 1521; IS 1554 (Part 1); IS 1646; IS 1678; IS 1729; IS 1742; IS 1755; IS 1785; IS 1786; IS 1852; IS 1892; IS 1904; IS 2016; IS 2062; IS 2121; IS 2121 (Part I); IS 2121 (Part II); IS 2131; IS 2141; IS 2171; IS 2190; IS 2486; IS 2502; IS 2505; IS 2506; IS 2514; IS 2527; IS 2544; IS 2629; IS 2633; IS 2645; IS 2721; IS 2830; IS 2878; IS 2905; IS 2911; IS 2992; IS 3021; IS 3043; IS 3589; IS 4656; IS 4759; IS 4826; IS 5082; IS 5561; IS 5792; IS 6003; IS 6234; IS 6313; IS 6594; IS 6639; IS 6745; IS 6792; IS 7321; IS 7861; IS 8309; IS 8623; IS 9103; IS 9223; IS 9385; IS 9567; IS 9708; IS 9974; IS 10204; IS 10322; IS 11384; IS 11994; IS 12427; IS 13386; IS 13947,,95,,Not checked,Text PDF,Multi-scope,https://www.optcl.co.in/Downloads/Tender/VolumeIIpartIIItechnicalspecification.pdf,
NEW TENDER FOR MAIN LT PANEL.pdf,Electrical cables and wiring,IS 209; IS 226; IS 374; IS 516; IS 694; IS 732; IS 875; IS 1199; IS 1255; IS 1258; IS 1293; IS 1554; IS 1646; IS 1651; IS 1885; IS 1913; IS 2026; IS 2062; IS 2071; IS 2309; IS 2551; IS 2629; IS 2633; IS 3043; IS 3427; IS 3480; IS 3837; IS 3961; IS 4146; IS 4615; IS 4759; IS 5082; IS 5133; IS 5216; IS 5424; IS 5578; IS 5831; IS 6745; IS 7098; IS 8130; IS 8623; IS 8828; IS 9537; IS 10418; IS 10810; IS 12640; IS 13340; IS 13341; IS 13947,,49,,Not checked,Text PDF,Multi-scope,https://nhsrcindia.org/sites/default/files/2021-02/NEW%20TENDER%20FOR%20MAIN%20LT%20PANEL.pdf,
NRDA-F1_Optical-Fiber-21092016.pdf,Unclassified,,,0,,Not checked,Other,Not extractable,https://navaraipuratalnagar.com/NRDARevampTheme/archive/NRDA-F1_Optical-Fiber-21092016.pdf,
cor_26989_1_1.pdf,Unclassified,,,0,,Not checked,Text PDF,Extraction failed,https://ntpctender.ntpc.co.in/Uploads/cor_26989_1_1.pdf,
tech_job_42668.pdf,Electrical cables and wiring,IS 7098,,1,,No,Text PDF,Usable,https://ntpctender.ntpc.co.in/Uploads/tech_job_42668.pdf,
job_38921.pdf,Electrical cables and wiring,IS 694; IS 1554,,2,,No,Text PDF,Usable,https://ntpctender.ntpc.co.in/Uploads/job_38921.pdf,
cor_23388_1_1.pdf,Unclassified,,,0,,Not checked,Scanned PDF,Not extractable,https://ntpctender.ntpc.co.in/Uploads/cor_23388_1_1.pdf,
job_42668.pdf,Electrical cables and wiring,IS 7098,,1,,No,Text PDF,Usable,https://ntpctender.ntpc.co.in/Uploads/job_42668.pdf,
TechnicalspecificationVolIIElectrificati,Electrical cables and wiring,IS 165; IS 175; IS 282; IS 306; IS 383; IS 398; IS 456; IS 516; IS 617; IS 702; IS 731; IS 732; IS 800; IS 875; IS 1387; IS 1554; IS 1676; IS 2062; IS 2074; IS 2121 (Part I); IS 2386; IS 2673; IS 3043; IS 3188; IS 5082; IS 5500; IS 6051; IS 6403; IS 7098; IS 8000; IS 8112; IS 8130; IS 9968; IS 11000; IS 12269; IS 12463,,36,IS 282,Yes,Text PDF,Usable,https://www.rites.com/Upload/Tender/TechnicalspecificationVolIIElectrificationworks_pdf-2025-Nov-17-09-41-21.pdf,IS 165; IS 175; IS 306; IS 383; IS 456; IS 516; IS 617; IS 702; IS 731; IS 800; IS 875; IS 1387; IS 1676; IS 2062; IS 2074; IS 2121 (Part I); IS 2386; IS 2673; IS 3188; IS 5082; IS 5500; IS 6051; IS 6403; IS 8000; IS 8112; IS 11000; IS 12269; IS 12463
Technical_Bid_pdf-2023-Jul-04-12-7-15.pd,Electrical cables and wiring,IS 277; IS 482; IS 554; IS 636; IS 778; IS 781; IS 848; IS 884; IS 901; IS 903; IS 1068; IS 1239; IS 1239 (Part 2); IS 1239 (Part I); IS 1239 (Part II); IS 1328; IS 1701; IS 1703; IS 1708; IS 1795; IS 1838; IS 2202 (Part I); IS 2365; IS 2546; IS 2548 (Part I); IS 2556; IS 2556 (Part 1); IS 2556 (Part 6); IS 2556 (Part IV); IS 2643; IS 2834; IS 2871; IS 2878; IS 2963; IS 3043; IS 3589; IS 3614 (Part 2); IS 3961; IS 4038; IS 4308; IS 4736; IS 4827; IS 4927; IS 5082; IS 5290; IS 5312; IS 5312 (Part I); IS 5831; IS 7098; IS 8130; IS 8423; IS 8623; IS 8828; IS 8931; IS 9338; IS 9739; IS 9762; IS 10108; IS 10221; IS 10418; IS 10566; IS 11108; IS 13095; IS 13104; IS 13592; IS 13947; IS 14665; IS 14665 (Part III); IS 14735; IS 14845; IS 14846; IS 15622; IS 15645; IS 15961; IS 15965,,75,,Not checked,Text PDF,Multi-scope,https://www.rites.com/Upload/Tender/Technical_Bid_pdf-2023-Jul-04-12-7-15.pdf,
TD01OTPVUNL_GE_pdf-2024-May-06-16-34-7.p,Electrical cables and wiring,IS 335; IS 375; IS 722 (Part IX); IS 1248; IS 1255; IS 1554; IS 2026; IS 2026 (Part I); IS 2099; IS 2705; IS 3156; IS 3427; IS 3961; IS 3961 (Part 6); IS 5819; IS 5820; IS 6600; IS 7098; IS 10028; IS 10028 (Part II); IS 11171; IS 13118; IS 17048,,23,IS 375,Yes,Text PDF,Usable,https://rites.com/Upload/Tender/TD01OTPVUNL_GE_pdf-2024-May-06-16-34-7.pdf,IS 335; IS 722 (Part IX); IS 1248; IS 2026; IS 2026 (Part I); IS 2099; IS 2705; IS 3156; IS 3427; IS 5820; IS 6600; IS 10028; IS 10028 (Part II); IS 11171; IS 13118; IS 17048
02OTTD_pdf-2023-Jun-07-17-20-28.pdf,Electrical cables and wiring,IS 470; IS 694; IS 1120; IS 1239; IS 1651; IS 2036,,6,,Not checked,Text PDF,Usable,https://www.rites.com/Upload/Tender/02OTTD_pdf-2023-Jun-07-17-20-28.pdf,IS 470; IS 1120; IS 1239; IS 1651; IS 2036
annexure-i-1567850939.pdf,Unclassified,,,0,,Not checked,Scanned PDF,Not extractable,https://tenders.bhel.com/sites/default/files/annexure-i-1567850939.pdf,
Item_description_for_GeM_Bid-2021-09-04-,Electrical cables and wiring,IS 694,,1,,No,Text PDF,Usable,https://tenders.bhel.com/sites/default/files/Item_description_for_GeM_Bid-2021-09-04-10%3A30%3A35.pdf,
GeM-Bidding-3406127_(floated)-2022-05-18,Electrical cables and wiring,IS 694; IS 5831; IS 8130,,3,,No,Text PDF,Usable,https://tenders.bhel.com/sites/default/files/GeM-Bidding-3406127_%28floated%29-2022-05-18-05%3A00%3A51.pdf,
GeM-Bidding-3601044-2022-07-19-05:59:43.,Electrical cables and wiring,IS 694; IS 5831; IS 8130,,3,,No,Text PDF,Usable,https://tenders.bhel.com/sites/default/files/GeM-Bidding-3601044-2022-07-19-05%3A59%3A43.pdf,
9641900060o-1576831839.pdf,Electrical cables and wiring,IS 694,,1,,No,Text PDF,Usable,https://tenders.bhel.com/sites/default/files/9641900060o-1576831839.pdf,
cable_specification_2024-04-15-17-52-04_,Electrical cables and wiring,IS 694; IS 5831; IS 8130,,3,,No,Text PDF,Usable,https://mkp.gem.gov.in/uploaded_documents/51/16/877/OrderItem/BoqDocument/2024/4/15/cable_specification_2024-04-15-17-52-04_e3c3603ffca7f8bc377c439282575513.pdf,
1720497978.pdf,Electrical cables and wiring,IS 694; IS 1554; IS 2982; IS 3961; IS 3975; IS 5831; IS 6380; IS 8130; IS 9676; IS 10418; IS 10810,,11,,Not checked,Text PDF,Usable,https://bidplus.gem.gov.in/bidding/bid/documentdownload/6619133/1720497978.pdf,IS 2982; IS 3975; IS 9676
slafds,Electrical cables and wiring,IS 204; IS 208; IS 277; IS 374; IS 383; IS 456; IS 694; IS 710; IS 875; IS 1038; IS 1341; IS 1659; IS 1786; IS 1948; IS 2062; IS 2189; IS 2190; IS 3312; IS 4923; IS 7098; IS 7452; IS 7809; IS 8112; IS 13713; IS 14246; IS 14443; IS 15683; IS 16103; IS 21016,,29,,Not checked,Text PDF,Usable,https://fulfilment.gem.gov.in/contract/slafds?fileDownloadPath=SLA_UPLOAD_PATH/2025/Jun/GEM_2025_B_6315579/CLM0010/rfpstore_37522ec4-b5ae-4b27-b4fa1749136334289_GeM_EPO21ER.pdf,IS 204; IS 208; IS 277; IS 374; IS 383; IS 456; IS 710; IS 875; IS 1038; IS 1341; IS 1659; IS 1786; IS 1948; IS 2062; IS 2189; IS 2190; IS 3312; IS 4923; IS 7452; IS 7809; IS 8112; IS 13713; IS 14246; IS 14443; IS 15683; IS 21016
TenderDocument ,Unclassified,,,0,,Not checked,Other,Not extractable,https://newmangaloreport.gov.in/sites/default/files/2026-09/TenderDocument%20,
1787288208.pdf,Electrical cables and wiring,IS 164; IS 277; IS 325; IS 374; IS 456; IS 636; IS 694; IS 732; IS 733; IS 780; IS 816; IS 817 (Part I); IS 884; IS 900; IS 904; IS 933; IS 1161; IS 1180; IS 1239; IS 1239 (Part I); IS 1255; IS 1258; IS 1285; IS 1293; IS 1489 (Part 1); IS 1520; IS 1538; IS 1554; IS 1646; IS 1648; IS 1651; IS 1786; IS 1852; IS 1885; IS 1893; IS 1913; IS 2026; IS 2046; IS 2062; IS 2071; IS 2099; IS 2190; IS 2202 (Part I); IS 2217; IS 2309; IS 2470; IS 2490; IS 2502; IS 2551; IS 2553; IS 2629; IS 2705; IS 2835; IS 2878; IS 3043; IS 3346; IS 3480; IS 3564; IS 3589; IS 3614; IS 3614 (Part II); IS 3837; IS 3844; IS 3861; IS 4000; IS 4029; IS 4146; IS 4326; IS 4351; IS 4615; IS 4648; IS 4733; IS 4764; IS 4923; IS 4926; IS 4984; IS 4985; IS 5132; IS 5133; IS 5216; IS 5290; IS 5312; IS 5329; IS 5424; IS 5578; IS 5600; IS 5611; IS 6279; IS 6280; IS 6315; IS 6441; IS 6908; IS 7022; IS 7098; IS 7098 (Part II); IS 7205; IS 7215; IS 7232; IS 7269; IS 7273; IS 7293; IS 7538; IS 7784; IS 7816; IS 7969; IS 8130; IS 8183; IS 8225; IS 8413; IS 8623; IS 8828; IS 9110; IS 9213; IS 9457; IS 9537; IS 9583; IS 9595; IS 9759; IS 10028 (Part II); IS 10037; IS 10261; IS 10262; IS 10322; IS 10552; IS 10810; IS 11171; IS 12349; IS 12640; IS 13095; IS 13311; IS 13920; IS 13947; IS 14286; IS 14687; IS 14856; IS 16074; IS 16098; IS 16170; IS 16231 (Part 3); IS 60947 (Part I); IS 61701; IS 62305; IS 69947,,143,,Not checked,Text PDF,Multi-scope,https://moef.gov.in/storage/tender/1787288208.pdf,
Final12.5MVATransformerTD.pdf,Electrical cables and wiring,IS 269; IS 335; IS 398; IS 434; IS 691; IS 692; IS 693; IS 694; IS 722; IS 731; IS 732; IS 875 (Part 3); IS 1200; IS 1200 (Part 1); IS 1200 (Part 27); IS 1255; IS 1554; IS 1573; IS 1596; IS 1646; IS 1753; IS 1778; IS 1791; IS 1818; IS 1893; IS 2026; IS 2062; IS 2099; IS 2121; IS 2147; IS 2222; IS 2309; IS 2386; IS 2448; IS 2486; IS 2505; IS 2516 (Part 1); IS 2544; IS 2551; IS 2629; IS 2633; IS 2705; IS 2720; IS 2982; IS 3034; IS 3035; IS 3043; IS 3070; IS 3156; IS 3156 (Part IV); IS 3202; IS 3231; IS 3385; IS 3637; IS 3639; IS 3764; IS 3961; IS 3975; IS 4082; IS 4146; IS 4237; IS 4288; IS 4759; IS 4826; IS 4988 (Part IV); IS 5082; IS 5216; IS 5350; IS 5561; IS 5578; IS 5613; IS 5621; IS 5819; IS 5831; IS 6005; IS 6380; IS 6474; IS 6553; IS 6600; IS 6875; IS 7098; IS 7391; IS 7569; IS 8119; IS 8130; IS 8187; IS 8309; IS 8468; IS 8478; IS 8623; IS 8828; IS 9000; IS 9103; IS 9224; IS 9348; IS 9537; IS 9921; IS 10027; IS 10028; IS 10242; IS 10314; IS 10322; IS 10810; IS 11954; IS 12943; IS 13118; IS 13573; IS 13947 (Part 5),,108,,Not checked,Text PDF,Multi-scope,https://www.iisc.ac.in/wp-content/uploads/2024/12/Final12.5MVATransformerTD.pdf,
TS-220kV-2026-06-20-12:28:11.pdf,Electrical cables and wiring,IS 209; IS 228; IS 266; IS 269; IS 277; IS 278; IS 280; IS 325; IS 335; IS 371; IS 375; IS 383; IS 398; IS 418; IS 432; IS 456; IS 516; IS 554; IS 617; IS 636; IS 638; IS 655; IS 659; IS 660; IS 694; IS 722; IS 731; IS 732; IS 737; IS 765; IS 778; IS 780; IS 800; IS 802; IS 803; IS 806; IS 808; IS 814; IS 816; IS 817; IS 875; IS 900; IS 901; IS 902; IS 903; IS 940; IS 996; IS 1069; IS 1079; IS 1146; IS 1161; IS 1172; IS 1182; IS 1199; IS 1231; IS 1239 (Part 1); IS 1248; IS 1255; IS 1258; IS 1293; IS 1363; IS 1364; IS 1367; IS 1448; IS 1520; IS 1521; IS 1534; IS 1538; IS 1554; IS 1566; IS 1569; IS 1573; IS 1599; IS 1608; IS 1651; IS 1652; IS 1742; IS 1753; IS 1778; IS 1785; IS 1786; IS 1811; IS 1893; IS 1903; IS 1913; IS 1944; IS 1978; IS 2026; IS 2026 (Part 1); IS 2062; IS 2064; IS 2065; IS 2071; IS 2090; IS 2099; IS 2121; IS 2140; IS 2147; IS 2148; IS 2165; IS 2171; IS 2206; IS 2208; IS 2215; IS 2223; IS 2233; IS 2253; IS 2254; IS 2312; IS 2379; IS 2418; IS 2470; IS 2486; IS 2514; IS 2544; IS 2551; IS 2595; IS 2629; IS 2633; IS 2643; IS 2645; IS 2667; IS 2678; IS 2685; IS 2705; IS 2713; IS 2721; IS 2878; IS 2906; IS 2959; IS 2982; IS 3025 (Part 1); IS 3034; IS 3043; IS 3063; IS 3069; IS 3070 (Part 2); IS 3116; IS 3138; IS 3156; IS 3202; IS 3231; IS 3323; IS 3324; IS 3346; IS 3347 (Part 1); IS 3347 (Part I); IS 3400; IS 3480; IS 3528; IS 3553; IS 3582; IS 3588; IS 3589; IS 3618; IS 3637; IS 3639; IS 3646; IS 3664; IS 3837; IS 3842; IS 3854; IS 3895; IS 3961; IS 3975; IS 4012; IS 4013; IS 4029; IS 4038; IS 4064; IS 4091; IS 4111 (Part 1); IS 4379; IS 4503; IS 4540; IS 4649; IS 4671; IS 4691; IS 4722; IS 4729; IS 4826; IS 4894; IS 4927; IS 4990; IS 5039; IS 5082; IS 5120; IS 5133; IS 5216; IS 5290; IS 5306; IS 5312; IS 5561; IS 5571; IS 5572; IS 5578; IS 5600; IS 5621; IS 5831; IS 6005; IS 6071; IS 6103; IS 6104; IS 6262; IS 6362; IS 6380; IS 6381; IS 6392; IS 6600; IS 6619; IS 6745; IS 6792; IS 6875; IS 7016; IS 7016 (Part 1); IS 7098; IS 7205; IS 7311; IS 7572; IS 7816; IS 8130; IS 8183; IS 8263; IS 8623; IS 8792; IS 8793; IS 8828; IS 8997; IS 8998; IS 9137; IS 9224; IS 9224 (Part 1); IS 9228; IS 9385; IS 9537; IS 9595; IS 9900; IS 10000; IS 10002; IS 10028 (Part 2); IS 10322; IS 10418; IS 10593; IS 10918; IS 11149; IS 11353; IS 12063; IS 12065; IS 13703; IS 13703 (Part 1); IS 13703 (Part 2); IS 13947; IS 13947 (Part 1); IS 60255; IS 60529; IS 60947; IS 61439,,257,,Not checked,Text PDF,Multi-scope,https://tenders.bhel.com/sites/default/files/TS-220kV-2026-06-20-12%3A28%3A11.pdf,
Tender_doc-2023-05-10-09:08:56.pdf,Electrical cables and wiring,IS 325; IS 694 (Part I); IS 807; IS 1554; IS 2062; IS 2266; IS 3043; IS 3202; IS 3681; IS 3815; IS 3938; IS 3961; IS 4009; IS 4064; IS 4237; IS 4691; IS 4729; IS 6380; IS 6455; IS 6457; IS 6875; IS 7403; IS 9224; IS 9968; IS 12021; IS 12065; IS 12075; IS 13947,,28,,Not checked,Text PDF,Usable,https://tenders.bhel.com/sites/default/files/Tender_doc-2023-05-10-09%3A08%3A56.pdf,IS 325; IS 807; IS 2062; IS 2266; IS 3202; IS 3681; IS 3815; IS 3938; IS 4009; IS 4064; IS 4237; IS 4691; IS 4729; IS 6455; IS 6457; IS 6875; IS 7403; IS 9224; IS 12021; IS 12065; IS 12075; IS 13947
Bhandara  - PEB - PB-04-14-15 (latest).p,Electrical cables and wiring,IS 694; IS 800; IS 2062; IS 3043; IS 4759; IS 5831; IS 8130; IS 13573; IS 15652,,9,,Not checked,Text PDF,Usable,https://www.bhel.com/sites/default/files/Bhandara%20%20-%20PEB%20-%20PB-04-14-15%20%28latest%29.pdf,IS 800; IS 2062; IS 4759; IS 15652
NIT-IW-010211.pdf,Electrical cables and wiring,IS 191; IS 204; IS 287; IS 303; IS 371; IS 374; IS 375; IS 451; IS 513; IS 617; IS 694; IS 729; IS 733; IS 735; IS 737; IS 848; IS 851; IS 1200; IS 1239; IS 1293; IS 1328; IS 1554; IS 1646; IS 1653; IS 1659; IS 1734; IS 1885; IS 1948; IS 1955; IS 2202; IS 2309; IS 2312; IS 2338; IS 2448; IS 2932; IS 3043; IS 3087; IS 3097; IS 3618; IS 3837; IS 5133; IS 5807; IS 6005; IS 6127; IS 8756; IS 12406; IS 55419,,47,,Not checked,Text PDF,Multi-scope,https://tenders.bhel.com/sites/default/files/NIT-IW-010211.pdf,
2dc7b6d2-5a27-4328-a07e-8a9f7d453025.pdf,Unclassified,IS 456; IS 516; IS 612; IS 707; IS 733; IS 1003; IS 1038; IS 1081; IS 1199; IS 1285; IS 1489; IS 1868; IS 2190; IS 2386; IS 2835; IS 3989; IS 4043; IS 4925; IS 6057; IS 7088; IS 7969; IS 8112; IS 9103; IS 12330; IS 13753; IS 13755; IS 15622,,27,,Not checked,Text PDF,Usable,https://sportsauthorityofindia.nic.in/sai_new/public/assets/uploads/tenders/2dc7b6d2-5a27-4328-a07e-8a9f7d453025.pdf,IS 456; IS 516; IS 612; IS 707; IS 733; IS 1003; IS 1038; IS 1081; IS 1199; IS 1285; IS 1489; IS 1868; IS 2190; IS 2386; IS 2835; IS 3989; IS 4043; IS 4925; IS 6057; IS 7088; IS 7969; IS 8112; IS 9103; IS 12330; IS 13753; IS 13755; IS 15622
1760681753_Updated NIT Docs. Sakshi Hall,Unclassified,,,0,,Not checked,Other,Not extractable,https://sportsauthorityofindia.nic.in/sai_new/public/assets/uploads/tenders/1760681753_Updated%20NIT%20Docs.%20Sakshi%20Hall%20,
TEC-GR-PI-WIR-009-05-MAR-11.pdf,Electrical cables and wiring,IS 694; IS 2500; IS 8130; IS 9938; IS 13176,,5,,Not checked,Text PDF,Usable,https://www.tec.gov.in/pdf/GRFA/TEC-GR-PI-WIR-009-05-MAR-11.pdf,IS 2500; IS 9938; IS 13176
EDTS-026.pdf,Unclassified,,,0,,Not checked,Scanned PDF,Not extractable,https://rcf.indianrailways.gov.in/works/uploads/files/EDTS-RCF/EDTS-026.pdf,
ets.pdf,Unclassified,,,0,,Not checked,Other,Not extractable,https://www.iitb.ac.in/deanpl/tenders/vimage/ets.pdf,
CivilPHE.pdf,Unclassified,,,0,,Not checked,Other,Not extractable,http://www.iitb.ac.in/deanpl/tenders/A1/CivilPHE.pdf,
NIT_1754550851.pdf,Electrical cables and wiring,IS 694; IS 1391; IS 1391 (Part II); IS 2993; IS 9968; IS 10617; IS 11329; IS 12615; IS 18002,,9,,Not checked,Text PDF,Usable,https://home.iitd.ac.in/public/storage/tenders_archives/NIT_1754550851.pdf,IS 1391; IS 1391 (Part II); IS 2993; IS 10617; IS 11329; IS 12615; IS 18002
NIT_1775718534.pdf,Electrical cables and wiring,IS 694; IS 1391; IS 1391 (Part II); IS 2993; IS 7098; IS 9968; IS 10617; IS 11329; IS 12615; IS 18002; IS 18728; IS 60947,,12,,Not checked,Text PDF,Usable,https://home.iitd.ac.in/public/storage/tenders_archives/NIT_1775718534.pdf,IS 1391; IS 1391 (Part II); IS 2993; IS 10617; IS 11329; IS 12615; IS 18002; IS 18728; IS 60947
nit.pdf,Unclassified,,,0,,Not checked,Other,Not extractable,https://www.iitb.ac.in/deanpl/tenders/chemlabr/nit.pdf,
NIT_1674122401.pdf,Electrical cables and wiring,IS 374; IS 694; IS 733; IS 1285; IS 1800; IS 1868; IS 12823,,7,,Not checked,Text PDF,Usable,https://home.iitd.ac.in/public/storage/tenders_archives/NIT_1674122401.pdf,IS 374; IS 733; IS 1285; IS 1800; IS 1868; IS 12823
1_pdfsam_ntpc-galv-power-jb-1459318729.p,Unclassified,,,0,,Not checked,Scanned PDF,Not extractable,https://www.bhel.com/sites/default/files/1_pdfsam_ntpc-galv-power-jb-1459318729.pdf,
enquiry-no-29170032_-single-core-6-sqmm-,Electrical cables and wiring,IS 694,,1,,No,Text PDF,Usable,https://www.bhel.com/sites/default/files/enquiry-no-29170032_-single-core-6-sqmm-copper-cable-1494916796.pdf,
2661500516r-1448959171.pdf,Electrical cables and wiring,IS 100; IS 694; IS 5831; IS 8130,,4,,Not checked,Text PDF,Usable,https://www.bhel.com/sites/default/files/2661500516r-1448959171.pdf,IS 100
5010_mv-cables-1428668569.pdf,Electrical cables and wiring,IS 694; IS 1554; IS 7098,,3,,No,Text PDF,Usable,https://www.bhel.com/sites/default/files/5010_mv-cables-1428668569.pdf,
irs_tc_77_rev3.pdf,Electrical cables and wiring,IS 101; IS 191; IS 617; IS 690; IS 694; IS 715; IS 737; IS 1599; IS 2631; IS 3676; IS 7814; IS 8402; IS 9000,,13,,Not checked,Text PDF,Usable,https://rdso.indianrailways.gov.in/works/uploads/File/irs_tc_77_rev3.pdf,IS 101; IS 191; IS 617; IS 690; IS 715; IS 737; IS 1599; IS 2631; IS 3676; IS 7814; IS 8402; IS 9000
specification1_2026-07-08-09-43-46_d42f5,Electrical cables and wiring,IS 694,,1,,No,Text PDF,Usable,https://mkp.gem.gov.in/catalog_data/catalog_support_document/buyer_documents/2836918/54/78/703/CatalogAttrs/SpecificationDocument/2026/7/8/specification1_2026-07-08-09-43-46_d42f56e28739db9adc2b4032e4dc5128.pdf,
cable-spec_2022-12-09-11-49-27_dec0d0c70,Electrical cables and wiring,IS 694; IS 1554,,2,,No,Text PDF,Usable,https://mkp.gem.gov.in/uploaded_documents/51/16/877/OrderItem/BoqDocument/2022/12/9/cable-spec_2022-12-09-11-49-27_dec0d0c70bbc28106dd81cbb9ab044d1.pdf,
2026_01_05_21_55_13_81020258_2025-12-17-,Electrical cables and wiring,IS 694; IS 694 (Part I),,2,,No,Text PDF,Usable,https://mkp.gem.gov.in/catalog_data/catalog_support_document/05/03/716/CatalogAttrs/SpecificationDocument/2026/1/5/2026_01_05_21_55_13_81020258_2025-12-17-10-31-04_d8_2026-01-05-21-55-15_09a11ad373249a870261d03fddff292a.pdf,
Anala LIS Budgeary 25 May#.pdf,Unclassified,,,0,,Not checked,Other,Not extractable,https://wrd.maharashtra.gov.in/Upload/PDF/Anala%20LIS%20Budgeary%2025%20May%23.pdf,
spec_mqap_2026-05-14-16-53-42_9c1706b664,Unclassified,,,0,,Not checked,Scanned PDF,Not extractable,https://mkp.gem.gov.in/catalog_data/catalog_support_document/buyer_documents/3271613/54/78/703/CatalogAttrs/SpecificationDocument/2026/5/14/spec_mqap_2026-05-14-16-53-42_9c1706b6645e3be52e76ebd2fa0fa5b5.pdf,
1473329398546_2302160248.PDF,Electrical cables and wiring,IS 694,,1,,No,Text PDF,Usable,https://rcf.indianrailways.gov.in/rcf/notice/1473329398546_2302160248.PDF,
2B--RDSSInfra-SBDPart-2TS01122021.pdf,Electrical cables and wiring,IS 100; IS 101; IS 104; IS 158; IS 209; IS 228; IS 249; IS 266; IS 280; IS 325; IS 335; IS 375; IS 398; IS 398 (Part 2); IS 398 (Part II); IS 398 (Part IV); IS 458; IS 554; IS 613; IS 617; IS 649; IS 652; IS 694; IS 731; IS 808; IS 823; IS 996; IS 1069; IS 1146; IS 1180; IS 1180 (Part 1); IS 1239; IS 1248; IS 1255; IS 1271; IS 1363; IS 1364; IS 1367; IS 1521; IS 1554; IS 1573; IS 1576; IS 1637; IS 1651; IS 1747; IS 1755; IS 1778; IS 1841; IS 1852; IS 1866; IS 1893; IS 1894; IS 1901; IS 1997; IS 2004; IS 2016; IS 2026; IS 2026 (Part I); IS 2062; IS 2071; IS 2074; IS 2086; IS 2099; IS 2121; IS 2141; IS 2147; IS 2165; IS 2328; IS 2329; IS 2362; IS 2486; IS 2486 (Part I); IS 2486 (Part II); IS 2516; IS 2544; IS 2551; IS 2629; IS 2633; IS 2705; IS 2713; IS 2834; IS 3024; IS 3043; IS 3063; IS 3070; IS 3070 (Part 3); IS 3072; IS 3156; IS 3188; IS 3202; IS 3203; IS 3231; IS 3347; IS 3401; IS 3427; IS 3618; IS 3637; IS 3639; IS 3842; IS 3895; IS 3961; IS 3975; IS 4064; IS 4218; IS 4237; IS 4253; IS 4257; IS 4540; IS 4699; IS 4736; IS 4759; IS 4794; IS 4826; IS 5039; IS 5082; IS 5284; IS 5300; IS 5484; IS 5561; IS 5578; IS 5621; IS 5831; IS 5921; IS 6005; IS 6071; IS 6103; IS 6160; IS 6162; IS 6209; IS 6262; IS 6594; IS 6600; IS 6619; IS 6639; IS 6745; IS 6792; IS 6875; IS 7098; IS 7098 (Part 1); IS 7098 (Part 2); IS 7098 (Part II); IS 7421; IS 7887; IS 8130; IS 8263; IS 8309; IS 8623; IS 8662; IS 8686; IS 8709; IS 9000; IS 9130; IS 9135; IS 9335; IS 9385; IS 9385 (Part I); IS 9402; IS 9511; IS 9920; IS 9921; IS 9954; IS 9997; IS 10027; IS 10028; IS 10418; IS 10462; IS 10462 (Part 1); IS 10810; IS 10918; IS 12048; IS 12063; IS 12444; IS 12672; IS 12729; IS 13118; IS 13134; IS 13410; IS 13411; IS 13497; IS 13703; IS 13703 (Part I); IS 13871; IS 13925; IS 13947; IS 13947 (Part I); IS 13947 (Part III); IS 14255; IS 14697; IS 16102; IS 16102 (Part 1); IS 16102 (Part 2),,191,,Not checked,Text PDF,Multi-scope,https://recindia.nic.in/uploads/files/2B--RDSSInfra-SBDPart-2TS01122021.pdf,
1528360574full turnkey contract for cons,Electrical cables and wiring,IS 100; IS 101; IS 104; IS 158; IS 209; IS 228; IS 249; IS 266; IS 269; IS 277; IS 278; IS 280; IS 300; IS 325; IS 335; IS 375; IS 383; IS 398; IS 398 (Part 2); IS 398 (Part II); IS 398 (Part IV); IS 432; IS 455; IS 456; IS 458; IS 554; IS 613; IS 617; IS 649; IS 652; IS 694; IS 731; IS 783; IS 802; IS 808; IS 823; IS 875; IS 996; IS 1069; IS 1146; IS 1161; IS 1179; IS 1180; IS 1180 (Part 1); IS 1239; IS 1248; IS 1255; IS 1271; IS 1340; IS 1363; IS 1364; IS 1367; IS 1489; IS 1521; IS 1554; IS 1573; IS 1576; IS 1637; IS 1651; IS 1729; IS 1747; IS 1755; IS 1778; IS 1786; IS 1841; IS 1852; IS 1866; IS 1875; IS 1892; IS 1893; IS 1894; IS 1901; IS 1904; IS 1911; IS 1997; IS 2004; IS 2016; IS 2026; IS 2026 (Part I); IS 2062; IS 2071; IS 2074; IS 2086; IS 2099; IS 2121; IS 2141; IS 2147; IS 2165; IS 2171; IS 2328; IS 2329; IS 2362; IS 2386; IS 2486; IS 2486 (Part I); IS 2486 (Part II); IS 2488; IS 2502; IS 2509; IS 2516; IS 2544; IS 2546; IS 2551; IS 2553; IS 2629; IS 2633; IS 2645; IS 2705; IS 2713; IS 2721; IS 2762; IS 2834; IS 2835; IS 2878; IS 2925; IS 2974; IS 3024; IS 3035; IS 3043; IS 3063; IS 3070; IS 3070 (Part 3); IS 3072; IS 3156; IS 3188; IS 3202; IS 3203; IS 3231; IS 3347; IS 3370; IS 3370 (Part I); IS 3401; IS 3427; IS 3502; IS 3521; IS 3618; IS 3637; IS 3639; IS 3842; IS 3895; IS 3961; IS 3975; IS 4064; IS 4091; IS 4218; IS 4237; IS 4253; IS 4257; IS 4540; IS 4697; IS 4699; IS 4736; IS 4759; IS 4770; IS 4794; IS 4800; IS 4826; IS 5039; IS 5082; IS 5284; IS 5300; IS 5484; IS 5553; IS 5561; IS 5578; IS 5621; IS 5831; IS 5921; IS 6005; IS 6071; IS 6103; IS 6160; IS 6162; IS 6209; IS 6262; IS 6313; IS 6594; IS 6600; IS 6619; IS 6639; IS 6745; IS 6792; IS 6875; IS 7098; IS 7098 (Part 1); IS 7098 (Part 2); IS 7098 (Part II); IS 7421; IS 7887; IS 8130; IS 8263; IS 8309; IS 8623; IS 8662; IS 8686; IS 8709; IS 9000; IS 9103; IS 9130; IS 9135; IS 9335; IS 9385; IS 9385 (Part I); IS 9402; IS 9511; IS 9920; IS 9921; IS 9954; IS 9997; IS 10027; IS 10028; IS 10418; IS 10462; IS 10462 (Part 1); IS 10601; IS 10810; IS 10918; IS 11000 (Part 2); IS 11731; IS 12048; IS 12063; IS 12444; IS 12672; IS 12729; IS 13118; IS 13134; IS 13410; IS 13411; IS 13497; IS 13703; IS 13703 (Part I); IS 13779; IS 13871; IS 13925; IS 13947; IS 13947 (Part I); IS 13947 (Part II); IS 13947 (Part III); IS 14255; IS 14697; IS 14772; IS 15707; IS 15959; IS 16102; IS 16102 (Part 1); IS 16102 (Part 2),,246,,Not checked,Text PDF,Multi-scope,https://recindia.nic.in/uploads/corrigendum/1528360574full%20turnkey%20contract%20for%20construction%20of%2011kv%20line%20installation%20augmentation%20of%20distribution%20transformers%20along%20with%20other%20associated%20works%20in%20leh%20and%20kargil%20towns%20on%20turnkey%20basis%20under%20rapdrp%20partb.pdf,
ENQ 074 DOCUMENTS PART 2.pdf,Unclassified,,,0,,Not checked,Scanned PDF,Not extractable,https://bhel.com/sites/default/files/ENQ%20074%20DOCUMENTS%20PART%202.pdf,
Tender (21).pdf,Electrical cables and wiring,IS 350; IS 694; IS 1554; IS 2062; IS 3975; IS 5831; IS 7098; IS 8130; IS 9595; IS 10178; IS 10322; IS 10418; IS 14930,,13,,Not checked,Text PDF,Usable,https://newmangaloreport.gov.in/sites/default/files/2026-09/Tender%20%2821%29.pdf,IS 350; IS 2062; IS 3975; IS 9595; IS 10178
GetTenderAttachment,Unclassified,IS 280,,1,,Not checked,Text PDF,Usable,https://celindia.co.in/Image/GetTenderAttachment?tenderAttachmentID=24573,IS 280
scope_f_2024-01-18-16-06-49_1abb86402620,Electrical cables and wiring,IS 692; IS 694; IS 1554; IS 5831; IS 6380; IS 7098; IS 8130; IS 9968; IS 10810,,9,,No,Text PDF,Usable,https://mkp.gem.gov.in/catalog_data/catalog_support_document/buyer_documents/1862064/54/78/703/CatalogAttrs/SpecificationDocument/2024/1/18/scope_f_2024-01-18-16-06-49_1abb86402620599616d25e592c8b7224.pdf,
1654861443_CORR.PDF,Unclassified,,,0,,Not checked,Scanned PDF,Not extractable,https://vpt.shipping.gov.in/admin_assets/uploads/1654861443_CORR.PDF,
detail tender notice for Electrical N Ba,Electrical cables and wiring,IS 694; IS 875; IS 7098; IS 9537; IS 12640; IS 60898; IS 60947,,7,,Not checked,Text PDF,Usable,https://gmda.assam.gov.in/sites/default/files/swf_utility_folder/departments/gmda_webcomindia_org_oid_4/menu/right_menu/right_menu/detail%20tender%20notice%20for%20Electrical%20N%20Bank%20Ropeway.pdf,IS 875; IS 12640; IS 60898; IS 60947
docHi2018115163834.pdf,Pipes (PVC and GI),IS 100; IS 210; IS 269; IS 383; IS 427; IS 428; IS 432; IS 452; IS 456; IS 458; IS 516; IS 554; IS 651; IS 694; IS 733; IS 774; IS 775; IS 778; IS 780; IS 781; IS 782; IS 783; IS 1077; IS 1139; IS 1199; IS 1200; IS 1239; IS 1285; IS 1542; IS 1566; IS 1570; IS 1661; IS 1703; IS 1726; IS 1786; IS 1791; IS 1868; IS 1879; IS 1879 (Part 1); IS 1932; IS 1979; IS 2095; IS 2326; IS 2379; IS 2386; IS 2386 (Part III); IS 2402; IS 2502; IS 2505; IS 2509; IS 2548; IS 2556; IS 2645; IS 2667; IS 2692; IS 2722; IS 2800 (Part I); IS 3025; IS 3043; IS 3370; IS 3419; IS 3564; IS 3646; IS 3989; IS 4031; IS 4097; IS 4691; IS 4736; IS 4984; IS 4985; IS 5382; IS 5410; IS 5411; IS 6946; IS 7231; IS 8112; IS 8931; IS 9013; IS 10262; IS 10910; IS 11149; IS 11189; IS 12269; IS 12818; IS 12823; IS 13095; IS 13311 (Part 2); IS 13311 (Part I); IS 13592; IS 13952; IS 14333; IS 14697; IS 15622,,93,,Not checked,Text PDF,Multi-scope,https://agriportal.cg.nic.in/MANDI/%E0%A4%A8%E0%A4%BF%E0%A4%B5%E0%A4%BF%E0%A4%A6%E0%A4%BETender/201811/docHi2018115163834.pdf,
2b-technical-spec-2_nabinagar-1434103220,Electrical cables and wiring,IS 280; IS 374; IS 458; IS 513; IS 694; IS 2062; IS 2418; IS 2629; IS 2713; IS 8130; IS 8309; IS 9537; IS 9800; IS 9974; IS 10322; IS 10418,,16,,Not checked,Text PDF,Usable,https://www.bhel.com/sites/default/files/2b-technical-spec-2_nabinagar-1434103220.pdf,IS 280; IS 374; IS 458; IS 513; IS 2062; IS 2629; IS 2713; IS 9800
tech_spec-2023-03-15-11:53:32.pdf,Electrical cables and wiring,IS 694; IS 5831; IS 8130; IS 10810,,4,,No,Text PDF,Usable,https://tenders.bhel.com/sites/default/files/tech_spec-2023-03-15-11%3A53%3A32.pdf,
tb-409-510-016-rev-00-1591763779.pdf,Electrical cables and wiring,IS 209; IS 228; IS 277; IS 280; IS 325; IS 335; IS 398; IS 418; IS 617; IS 655; IS 659; IS 660; IS 694; IS 722; IS 732; IS 737; IS 800; IS 802; IS 806; IS 808; IS 814; IS 816; IS 817; IS 875; IS 940; IS 1079; IS 1161; IS 1182; IS 1231; IS 1239 (Part 1); IS 1248; IS 1255; IS 1258; IS 1293; IS 1363; IS 1364; IS 1448; IS 1520; IS 1521; IS 1534; IS 1554; IS 1569; IS 1599; IS 1608; IS 1753; IS 1778; IS 1893; IS 1913; IS 1944; IS 1978; IS 2026; IS 2062; IS 2071; IS 2099; IS 2121; IS 2147; IS 2148; IS 2165; IS 2171; IS 2208; IS 2215; IS 2233; IS 2254; IS 2312; IS 2418; IS 2551; IS 2595; IS 2629; IS 2633; IS 2667; IS 2705; IS 2713; IS 2878; IS 2982; IS 3034; IS 3043; IS 3063; IS 3069; IS 3070 (Part 2); IS 3138; IS 3156; IS 3231; IS 3323; IS 3324; IS 3347 (Part 1); IS 3400; IS 3480; IS 3528; IS 3553; IS 3588; IS 3589; IS 3639; IS 3646; IS 3664; IS 3837; IS 3842; IS 3854; IS 3961; IS 3975; IS 4012; IS 4013; IS 4029; IS 4379; IS 4503; IS 4649; IS 4671; IS 4691; IS 4722; IS 4729; IS 4826; IS 4894; IS 5039; IS 5082; IS 5120; IS 5133; IS 5216; IS 5561; IS 5571; IS 5578; IS 5831; IS 6005; IS 6103; IS 6104; IS 6262; IS 6380; IS 6392; IS 6600; IS 6745; IS 6792; IS 7098; IS 7205; IS 7572; IS 7816; IS 8130; IS 8183; IS 8263; IS 8623; IS 8792; IS 8793; IS 8828; IS 8997; IS 8998; IS 9137; IS 9224; IS 9224 (Part 1); IS 9228; IS 9537; IS 9595; IS 9900; IS 10000; IS 10002; IS 10028 (Part 2); IS 10322; IS 10418; IS 11149; IS 11353; IS 12063; IS 12065; IS 13703; IS 13703 (Part 1); IS 13703 (Part 2); IS 13947; IS 13947 (Part 1),,163,,Not checked,Text PDF,Multi-scope,https://www.bhel.com/sites/default/files/tb-409-510-016-rev-00-1591763779.pdf,
Anex I to Corg 01.pdf,Electrical cables and wiring,IS 694; IS 1700,,2,,Not checked,Text PDF,Usable,https://tenders.bhel.com/sites/default/files/Anex%20I%20to%20Corg%2001.pdf,IS 1700
020820231736-PRICE BIDELECTRICAL WORK.pd,Unclassified,,,0,,Not checked,Text PDF,Extraction failed,https://sbi.bank.in/webapp/webfiles/uploads/files_2324/020820231736-PRICE%20BIDELECTRICAL%20WORK.pdf,
Electricalitems.pdf,Unclassified,,,0,,Not checked,Text PDF,Extraction failed,https://gbpiet.ac.in/wp-content/uploads/2026/02/Electricalitems.pdf,
document_-56_2024-10-17-13-31-33_20c3963,Electrical cables and wiring,IS 694,,1,,No,Text PDF,Usable,https://mkp.gem.gov.in/catalog_data/catalog_support_document/buyer_documents/1906744/54/78/703/CatalogAttrs/SpecificationDocument/2024/10/17/document_-56_2024-10-17-13-31-33_20c3963a8b6f35a79cb4cbae60be3346.pdf,
cable_2024-03-16-16-41-09_abef81b747b7be,Electrical cables and wiring,IS 694; IS 5831; IS 8130,,3,,No,Text PDF,Usable,https://mkp.gem.gov.in/catalog_data/catalog_support_document/buyer_documents/917607/54/78/703/CatalogAttrs/SpecificationDocument/2024/3/16/cable_2024-03-16-16-41-09_abef81b747b7bedd303cad6581f47d86.pdf,
2026_05_13_11_45_22_cataloge_2026-05-13-,Electrical cables and wiring,IS 691; IS 694; IS 1554; IS 3975; IS 4289; IS 5608; IS 5831; IS 6746; IS 7098; IS 8130; IS 8784; IS 9968; IS 10418; IS 10810,,14,IS 691,Yes,Text PDF,Usable,https://mkp.gem.gov.in/catalog_data/catalog_support_document/77/72/230/CatalogAttrs/SpecificationDocument/2026/5/13/2026_05_13_11_45_22_cataloge_2026-05-13-11-45-25_ee174c4916aa4c2ac67e4f8ade8b181d.pdf,IS 3975; IS 5608; IS 6746; IS 8784
1776058545.pdf,Electrical cables and wiring,IS 694; IS 5831; IS 8130,,3,,No,Text PDF,Usable,https://bidplus.gem.gov.in/bidding/bid/documentdownload/9215312/1776058545.pdf,
EM_SOR10_06_2026.pdf,Electrical cables and wiring,IS 277; IS 302 (Part 1); IS 355; IS 371; IS 374; IS 398; IS 418; IS 555; IS 694; IS 722 (Part 1); IS 722 (Part 2); IS 722 (Part 3); IS 722 (Part 5); IS 722 (Part 7); IS 722 (Part 8); IS 722 (Part 9); IS 732; IS 875; IS 875 (Part 3); IS 875 (Part III); IS 1169; IS 1180; IS 1239; IS 1248 (Part 1); IS 1248 (Part 2); IS 1248 (Part 3); IS 1248 (Part 4); IS 1248 (Part 5); IS 1258; IS 1293; IS 1322; IS 1476; IS 1534 (Part 1); IS 1554; IS 1554 (Part 1); IS 1569; IS 1653; IS 1777; IS 1885; IS 1885 (Part 1); IS 1885 (Part 11); IS 1885 (Part 16); IS 1885 (Part 17); IS 1885 (Part 9); IS 1911; IS 1913 (Part 1); IS 1947; IS 2062; IS 2086; IS 2147; IS 2183; IS 2189; IS 2206 (Part 1); IS 2208; IS 2215; IS 2268; IS 2309; IS 2312; IS 2412; IS 2418 (Part 1); IS 2448 (Part 1); IS 2551; IS 2667; IS 2672; IS 2675; IS 2705 (Part 1); IS 2705 (Part 2); IS 2705 (Part 3); IS 2705 (Part 4); IS 2713; IS 2959; IS 2992; IS 2997; IS 3043; IS 3287; IS 3323; IS 3324; IS 3412; IS 3419; IS 3480; IS 3528; IS 3553; IS 3588; IS 3589; IS 3646 (Part 1); IS 3646 (Part 2); IS 3646 (Part 3); IS 3837; IS 3854; IS 3961 (Part 1); IS 3963; IS 4064 (Part 1); IS 4146; IS 4160; IS 4201; IS 4237; IS 4283; IS 4288; IS 4289 (Part 1); IS 4347; IS 4615; IS 4648; IS 4736; IS 4770; IS 4894; IS 5039; IS 5133 (Part 1); IS 5216; IS 5424; IS 5547; IS 5578; IS 5728; IS 6236; IS 6272; IS 6616; IS 6665; IS 6875 (Part 1); IS 6875 (Part 2); IS 6875 (Part 3); IS 6946; IS 6949; IS 7023; IS 7098; IS 7537; IS 7752 (Part 1); IS 8030; IS 8061; IS 8187; IS 8530; IS 8544 (Part 1); IS 8544 (Part 2); IS 8544 (Part 3); IS 8544 (Part 4); IS 8623; IS 8623 (Part 1); IS 8724; IS 8828; IS 8884; IS 9224 (Part 1); IS 9224 (Part 2); IS 9537; IS 9537 (Part 1); IS 9537 (Part 2); IS 9537 (Part 4); IS 9537 (Part 5); IS 9583; IS 9900 (Part 1); IS 9926; IS 9974 (Part 1); IS 10027; IS 10118; IS 10322; IS 10322 (Part 2); IS 10322 (Part 5); IS 10500; IS 11037; IS 11353; IS 12021; IS 12155; IS 12640; IS 12640 (Part 2); IS 13032; IS 13095; IS 13118; IS 13234; IS 13703 (Part 1); IS 13703 (Part 2); IS 13947 (Part 1); IS 13947 (Part 3); IS 13947 (Part 4); IS 13947 (Part 5); IS 14665 (Part 2); IS 14665 (Part 3); IS 14724; IS 14768 (Part 2); IS 14772; IS 14930 (Part II); IS 15222; IS 15683; IS 60898; IS 60947,,181,,Not checked,Text PDF,Multi-scope,https://pwd.cg.nic.in/CurrentEvents/EM_SOR10_06_2026.pdf,
Vol-II.pdf,Electrical cables and wiring,IS 277; IS 375; IS 655; IS 692; IS 694; IS 722; IS 732; IS 737; IS 1000; IS 1246; IS 1248; IS 1255; IS 1293; IS 1554; IS 1554 (Part I); IS 1646; IS 1885; IS 2147; IS 2208; IS 2312; IS 2448; IS 2516 (Part I); IS 2675; IS 2705; IS 2705 (Part I); IS 2834; IS 3043; IS 3072; IS 3072 (Part I); IS 3156; IS 3837; IS 3843; IS 3961; IS 4047; IS 4064; IS 4237; IS 4710; IS 5082; IS 5133 (Part I); IS 6005; IS 6875; IS 8623; IS 8828; IS 9537; IS 13947,,45,,Not checked,Text PDF,Multi-scope,https://www.birac.nic.in/webcontent/Vol-II.pdf,
1713258165_GeM-Bidding-6308192.pdf,Electrical cables and wiring,IS 694; IS 1391 (Part 2),,2,,Not checked,Text PDF,Usable,https://sportsauthorityofindia.nic.in/sai_new/public/assets/uploads/tenders/1713258165_GeM-Bidding-6308192.pdf,IS 1391 (Part 2)
TENDER_DOC-2025-07-25-09:22:57.pdf,Electrical cables and wiring,IS 694; IS 1554; IS 5026; IS 5831; IS 8130; IS 10810; IS 10810 (Part 20),,7,,Not checked,Text PDF,Usable,https://tenders.bhel.com/sites/default/files/TENDER_DOC-2025-07-25-09%3A22%3A57.pdf,IS 5026
pqr-pvc-wires-1559025882.pdf,Unclassified,,,0,,Not checked,Scanned PDF,Not extractable,https://www.bhel.com/sites/default/files/pqr-pvc-wires-1559025882.pdf,
1763637938.pdf,LED lighting,IS 10322; IS 10322 (Part 5); IS 12063; IS 16101; IS 16102; IS 16103; IS 16104; IS 16106; IS 16107; IS 16108,,10,,Not checked,Text PDF,Usable,https://bidplus.gem.gov.in/bidding/bid/documentdownload/8614475/1763637938.pdf,IS 12063
open_tender_enquiry_2025-09-13-20-14-33.,LED lighting,IS 10322 (Part 5); IS 16102,,2,,No,Text PDF,Usable,https://ucil.gov.in/public/uploads/open_tender_enquiry/open_tender_enquiry_2025-09-13-20-14-33.pdf,
Notice Inviting Tender - Jaipur_p.pdf,Electrical cables and wiring,IS 101; IS 116; IS 159; IS 226; IS 375; IS 401; IS 513; IS 516; IS 655; IS 694; IS 710; IS 722; IS 732; IS 813; IS 816; IS 1087; IS 1199; IS 1248; IS 1293; IS 1328; IS 1554; IS 1554 (Part I); IS 1567; IS 1651; IS 1653; IS 1771; IS 1818; IS 1822; IS 2046; IS 2095; IS 2147; IS 2148; IS 2176; IS 2189; IS 2251; IS 2268; IS 2274; IS 2309; IS 2418; IS 2419; IS 2509; IS 2516; IS 2607; IS 2667; IS 2675; IS 2705; IS 2878; IS 2959; IS 3043; IS 3072; IS 3106; IS 3156; IS 3202; IS 3231; IS 3427; IS 3700; IS 3837; IS 3854; IS 3961; IS 3975; IS 4047; IS 4237; IS 4615; IS 4736; IS 4905; IS 4925; IS 5133; IS 5216; IS 5571; IS 5578; IS 5820; IS 5831; IS 5892; IS 5908; IS 6381; IS 6553; IS 6875; IS 6925; IS 6946; IS 7098; IS 7098 (Part I); IS 8130; IS 8623; IS 9000 (Part 6); IS 9103; IS 10418; IS 11360; IS 12063; IS 12640; IS 13947; IS 14700; IS 15652; IS 15885; IS 16004; IS 16102,,95,,Not checked,Text PDF,Multi-scope,https://www.sebi.gov.in/sebi_data/commondocs/aug-2026/Notice%20Inviting%20Tender%20-%20Jaipur_p.pdf,
LaturQuatation.pdf,LED lighting,IS 1161; IS 1944; IS 4736; IS 10322 (Part 5); IS 14286; IS 16046; IS 16077; IS 16101; IS 16102; IS 16103; IS 16106; IS 16107; IS 16221; IS 16221 (Part 1); IS 16221 (Part 2); IS 16270; IS 61730 (Part 1); IS 61730 (Part 2),,18,,Not checked,Text PDF,Usable,https://www.mahaurja.maharashtra.gov.in/Site/Upload/pdf/LaturQuatation.pdf,IS 1161; IS 4736; IS 14286; IS 16046; IS 16077; IS 16221; IS 16221 (Part 1); IS 16221 (Part 2); IS 16270; IS 61730 (Part 1); IS 61730 (Part 2)
item_specs_2026-03-16-10-45-41_57005106e,LED lighting,IS 16102,,1,,No,Text PDF,Usable,https://mkp.gem.gov.in/catalog_data/catalog_support_document/buyer_documents/2990218/54/78/703/CatalogAttrs/SpecificationDocument/2026/3/16/item_specs_2026-03-16-10-45-41_57005106eb836665d5951f8e2c2d69f7.pdf,
96cc81efc17b90d3d438e42d937b7112.pdf,LED lighting,IS 16102,,1,,No,Text PDF,Usable,https://roap.esic.gov.in/attachments/tenderfile/96cc81efc17b90d3d438e42d937b7112.pdf,
1747047020.pdf,Electrical cables and wiring,IS 9968; IS 10322; IS 10322 (Part 1),,3,,No,Text PDF,Usable,https://bidplus.gem.gov.in/bidding/bid/documentdownload/7831683/1747047020.pdf,
1756872380_supplyandinstallationoffalsec,LED lighting,IS 10322; IS 10322 (Part 5),,2,,No,Text PDF,Usable,https://www.icmr.gov.in/icmrobject/uploads/Tender/1756872380_supplyandinstallationoffalseceilingsandledpanelingymfacility.pdf,
GeM-Bidding-3958710 (1).pdf,LED lighting,IS 10322; IS 10322 (Part 1); IS 16107; IS 16107 (Part 2),,4,,No,Text PDF,Usable,https://newmangaloreport.gov.in/sites/default/files/2022-11/GeM-Bidding-3958710%20%281%29.pdf,
1756973264.pdf,LED lighting,IS 10322 (Part 5); IS 15885 (Part 2); IS 16106,,3,,No,Text PDF,Usable,https://bidplus.gem.gov.in/bidding/bid/documentdownload/8308199/1756973264.pdf,
posts-90-bid-document-vol-i.pdf,LED lighting,IS 1367; IS 1944; IS 2016; IS 3063; IS 4759; IS 5831; IS 10322; IS 10322 (Part 1); IS 10322 (Part 5); IS 15885 (Part 2); IS 16103; IS 16104; IS 16105; IS 16106; IS 16107; IS 16107 (Part 2); IS 16108,,17,,Not checked,Text PDF,Usable,https://aizawlsmartcity.mizoram.gov.in/uploads/attachments/931c8bf87c74224e9bd83dc2d98643c5/posts-90-bid-document-vol-i.pdf,IS 1367; IS 2016; IS 3063; IS 4759
2026_01_07_14_07_57_1650wledspeccoalind_,LED lighting,IS 10322; IS 10322 (Part 5); IS 15885 (Part 2); IS 16105; IS 16106; IS 16107 (Part 2),,6,,No,Text PDF,Usable,https://mkp.gem.gov.in/catalog_data/catalog_support_document/55/77/082/CatalogAttrs/SpecificationDocument/2026/1/7/2026_01_07_14_07_57_1650wledspeccoalind_2026-01-07-14-07-59_571449720676c6bd30a80c4c0c205c67.pdf,
technicalspecification_2023-11-30-09-46-,LED lighting,IS 875 (Part 3); IS 10322; IS 10322 (Part 1); IS 10322 (Part 5); IS 15885 (Part 2); IS 16102; IS 16102 (Part 1); IS 16103; IS 16104; IS 16105; IS 16106; IS 16107; IS 16107 (Part 2); IS 16108,,14,,Not checked,Text PDF,Usable,https://mkp.gem.gov.in/uploaded_documents/51/16/877/OrderItem/BoqDocument/2023/11/30/technicalspecification_2023-11-30-09-46-42_bed78d5c1faec4ee563b35def7ab9ebd.pdf,IS 875 (Part 3)
1692427289.pdf,LED lighting,IS 10322; IS 10322 (Part 1); IS 10322 (Part 5); IS 15885 (Part 2); IS 16103 (Part 2); IS 16104; IS 16105; IS 16106; IS 16107; IS 16107 (Part 2); IS 16108,,11,,No,Text PDF,Usable,https://bidplus.gem.gov.in/bidding/bid/documentdownload/5201418/1692427289.pdf,
specification_and_pqc-90_w_led_street_li,LED lighting,IS 10322; IS 10322 (Part 1); IS 16103; IS 16106; IS 16107; IS 16108,,6,,No,Text PDF,Usable,https://mkp.gem.gov.in/catalog_data/catalog_support_document/buyer_documents/1192393/54/78/703/CatalogAttrs/SpecificationDocument/2024/3/26/specification_and_pqc-90_w_led_street_light_2024-03-26-14-59-15_78f6c4b666ab8bf4c2808b4ba113ffd6.pdf,
TD.pdf,LED lighting,IS 10322; IS 15885,,2,,No,Text PDF,Usable,https://www.cochinport.gov.in/sites/default/files/2021-03/TD.pdf,
Expression of Interest of LED 02-07-2026,Unclassified,,,0,,Not checked,Scanned PDF,Not extractable,http://www.municipaladmn.gov.in/sites/municipaladmn.gov.in/files/Expression%20of%20Interest%20of%20LED%2002-07-2026.pdf,
LED.pdf,Electrical cables and wiring,IS 1800; IS 7098; IS 14930,,3,,Not checked,Text PDF,Usable,https://www.iitrpr.ac.in/api/tender-file/181/LED.pdf,IS 1800
tender_et46_iwd_2215_gym.pdf,Electrical cables and wiring,IS 456; IS 460; IS 612; IS 733; IS 875; IS 1285; IS 1489; IS 1786; IS 1800; IS 1856; IS 1868; IS 4925; IS 6057; IS 6477; IS 7088; IS 7098 (Part 1); IS 9103,,17,,Not checked,Text PDF,Usable,https://iitbhu.ac.in/contents/institute/2025/tender/tender_et46_iwd_2215_gym.pdf,IS 456; IS 460; IS 612; IS 733; IS 875; IS 1285; IS 1489; IS 1786; IS 1800; IS 1856; IS 1868; IS 4925; IS 6057; IS 6477; IS 7088; IS 9103
Tender_11e9b05402baf4a4a8b8020000057988.,LED lighting,IS 100; IS 1161; IS 4736; IS 10322 (Part 5),,4,,Not checked,Text PDF,Usable,https://www.creda.co.in/Image/Tender_11e9b05402baf4a4a8b8020000057988.pdf,IS 100; IS 1161; IS 4736
042_Tender Document.pdf,LED lighting,IS 16101,,1,,No,Text PDF,Usable,https://iitpkd.ac.in/sites/default/files/2025-05/042_Tender%20Document.pdf,
ETH_8000088787_150525.pdf,Unclassified,IS 150; IS 226; IS 875; IS 2062; IS 2629; IS 2633; IS 4759,,7,,Not checked,Text PDF,Usable,https://r3app.mcgm.gov.in/irj/go/km/docs/documents/Tenders/ETH/ETH_8000088787_150525.pdf,IS 150; IS 226; IS 875; IS 2062; IS 2629; IS 2633; IS 4759
Document  Bid merged.pdf,LED lighting,IS 10322; IS 10322 (Part 5); IS 16102; IS 16107,,4,,No,Text PDF,Usable,https://chennaiport.gov.in/api/static/default/tendor/Document%20%20Bid%20merged.pdf,
TechSpeciSolar.pdf,LED lighting,IS 694; IS 822; IS 875; IS 1079; IS 1161; IS 1944; IS 2629; IS 2633; IS 3043; IS 4736; IS 4759; IS 5120; IS 5624; IS 6403; IS 6745; IS 7215; IS 9283; IS 9968 (Part 1); IS 10322 (Part 5); IS 11346; IS 12762; IS 12933; IS 14286; IS 14536; IS 16077; IS 16101; IS 16102; IS 16103; IS 16106; IS 16107; IS 16169; IS 16221; IS 16270; IS 16368; IS 16542; IS 16543; IS 16544; IS 16648; IS 16648 (Part 1); IS 16648 (Part 2); IS 16648 (Part 4); IS 17210 (Part 1); IS 60034; IS 60947; IS 61683; IS 61701; IS 61730; IS 61730 (Part I),,48,,Not checked,Text PDF,Multi-scope,https://www.mahaurja.maharashtra.gov.in/Site/Upload/pdf/TechSpeciSolar.pdf,
202604151894174867.pdf,Electrical cables and wiring,IS 694; IS 808; IS 829; IS 1848 (Part 2); IS 1883; IS 1891 (Part 5); IS 2762; IS 2932; IS 3075; IS 3854; IS 4985; IS 5445; IS 5650; IS 7098 (Part 1); IS 9900; IS 9968 (Part 1); IS 9974; IS 10086; IS 10322 (Part 5); IS 10346; IS 11037; IS 12823; IS 13098; IS 14221; IS 14352; IS 14948; IS 15298 (Part 2); IS 15627; IS 15683; IS 15882; IS 16102 (Part 2); IS 16220 (Part 1); IS 16240; IS 17861,,34,,Not checked,Text PDF,Usable,https://cdnbbsr.s3waas.gov.in/s36ee69d3769e832ec77c9584e0b7ba112/uploads/2026/04/202604151894174867.pdf,IS 808; IS 829; IS 1848 (Part 2); IS 1883; IS 1891 (Part 5); IS 2762; IS 2932; IS 3075; IS 5445; IS 5650; IS 10086; IS 10346; IS 11037; IS 12823; IS 13098; IS 14221; IS 14352; IS 14948; IS 15298 (Part 2); IS 15627; IS 15683; IS 16220 (Part 1); IS 16240; IS 17861
techspec_gem_2024-09-11-10-49-43_9150130,LED lighting,IS 240; IS 513; IS 694; IS 1161; IS 1248; IS 1293; IS 1554; IS 1777; IS 1897; IS 1913; IS 2148; IS 2629; IS 2633; IS 2678; IS 2713; IS 3043; IS 3287; IS 3400; IS 3528; IS 3854; IS 4012; IS 4013; IS 4759; IS 4905; IS 5077; IS 5082; IS 8309; IS 8623; IS 8828; IS 9000 (Part 6); IS 9537; IS 9968; IS 12640; IS 13947 (Part I); IS 16101; IS 16102 (Part 1); IS 16102 (Part 2); IS 16103 (Part 1); IS 16103 (Part 2); IS 16104; IS 16105; IS 16106; IS 16107; IS 16108; IS 60079; IS 60529; IS 60898; IS 60947,,48,,Not checked,Text PDF,Multi-scope,https://mkp.gem.gov.in/catalog_data/catalog_support_document/buyer_documents/4031069/54/78/703/CatalogAttrs/SpecificationDocument/2024/9/11/techspec_gem_2024-09-11-10-49-43_91501305c6b234fe345f49d02910b6d5.pdf,
final-tender-doc_2022-07-25-15-42-06_9b0,LED lighting,IS 10322; IS 11171; IS 15885 (Part 2); IS 16103; IS 16105; IS 16106; IS 16107; IS 60529,,8,,Not checked,Text PDF,Usable,https://mkp.gem.gov.in/uploaded_documents/51/16/877/OrderItem/BoqDocument/2022/7/25/final-tender-doc_2022-07-25-15-42-06_9b01c6bd90b7f2ca03a45cf0f420c35b.pdf,IS 11171; IS 60529
1705127450.pdf,Unclassified,IS 6665,,1,,No,Text PDF,Usable,https://bidplus.gem.gov.in/bidding/bid/documentdownload/5891788/1705127450.pdf,
GEM2025B5968293.pdf,LED lighting,IS 374; IS 694; IS 781; IS 1169; IS 1239 (Part 2); IS 1293; IS 1364 (Part 3); IS 1445; IS 1554; IS 1554 (Part 1); IS 1570; IS 1709; IS 1862; IS 2022; IS 2148; IS 2266; IS 2268; IS 2312; IS 2932; IS 2997; IS 3854; IS 3986; IS 4003; IS 4148; IS 4985; IS 7098 (Part 1); IS 7098 (Part 2); IS 7809 (Part 3); IS 8034; IS 8448; IS 8931; IS 9815 (Part 1); IS 9926; IS 9968 (Part 1); IS 10124; IS 10322; IS 10322 (Part 5); IS 11037; IS 12592; IS 12640; IS 12640 (Part 2); IS 12818; IS 13032; IS 13730 (Part 0); IS 13730 (Part 3); IS 13779; IS 14221; IS 14329; IS 14886; IS 15500 (Part 3); IS 16102; IS 16103; IS 16107; IS 16108; IS 16833; IS 60898 (Part 1); IS 60947,,57,,Not checked,Text PDF,Multi-scope,https://www.lgbrimh.gov.in/resources/2025/tender/GeMBid/GEM2025B5968293.pdf,
specification_2026-02-06-14-37-47_321285,LED lighting,IS 10322 (Part 5); IS 15885; IS 16102 (Part 2); IS 16107,,4,,No,Text PDF,Usable,https://mkp.gem.gov.in/uploaded_documents/51/16/877/OrderItem/BoqDocument/2026/2/6/specification_2026-02-06-14-37-47_321285580874dfb985f50e00cf79f716.pdf,
technical_specifications_2025-08-27-11-5,LED lighting,IS 15885; IS 15885 (Part 2); IS 16101; IS 16102 (Part 1); IS 16102 (Part 2); IS 16103 (Part 1); IS 16103 (Part 2); IS 16105; IS 16106; IS 16107; IS 16107 (Part 1); IS 16108; IS 60529,,13,,Not checked,Text PDF,Usable,https://mkp.gem.gov.in/catalog_data/catalog_support_document/buyer_documents/10818215/54/78/703/CatalogAttrs/SpecificationDocument/2025/8/27/technical_specifications_2025-08-27-11-53-55_36226e170f5a49fdaa66a59bc86c11d5.pdf,IS 60529
NIT76.pdf,LED lighting,IS 209; IS 220; IS 875; IS 1534 (Part 1); IS 2062; IS 2629; IS 4759; IS 6573; IS 9103; IS 10322; IS 14700; IS 14700 (Part 3); IS 14930; IS 15885; IS 16104; IS 16105; IS 16106; IS 16108; IS 60439,,19,,Not checked,Text PDF,Usable,https://aiimsbhubaneswar.nic.in/wp-content/uploads/2025/11/NIT76.pdf,IS 209; IS 220; IS 875; IS 2062; IS 2629; IS 4759; IS 6573; IS 9103; IS 14700; IS 14700 (Part 3); IS 60439
2024-02-12_gallery_img_1707722951.pdf,Unclassified,,,0,,Not checked,Text PDF,Extraction failed,https://www.immt.res.in/webroot/upload/admin/tender/2024-02-12_gallery_img_1707722951.pdf,
"Tender for Design, Supply, Installation,",Electrical cables and wiring,IS 1800; IS 2062; IS 3043; IS 8500,,4,,Not checked,Text PDF,Usable,"https://spg.nic.in/docs/Tenders/Tender%20for%20Design,%20Supply,%20Installation,%20Integration,%20Testing%20&%20Commissioning%20of%20Latest%20Release%20Digital%20Open%20Standard%20APCO%20Phase-II%20System.pdf",IS 1800; IS 2062; IS 8500
msd-084-20-z-digital-upright-reflected.p,Unclassified,,,0,,Not checked,Text PDF,Extraction failed,https://www.nal.res.in/themes/stark/medias/other/1526/msd-084-20-z-digital-upright-reflected.pdf,
1754388480.pdf,Unclassified,,,0,,Not checked,Text PDF,Extraction failed,https://bidplus.gem.gov.in/bidding/bid/documentdownload/8137265/1754388480.pdf,
TD LED Lights -Final for upoading 30-10-,Electrical cables and wiring,IS 120; IS 209; IS 226; IS 280; IS 335; IS 875; IS 1255; IS 1554; IS 1852; IS 2062; IS 2509; IS 2629; IS 2633; IS 2830; IS 3043; IS 3419; IS 3961; IS 3975; IS 4759; IS 4984; IS 5216; IS 5819; IS 5831; IS 6380; IS 7098; IS 7098 (Part 1); IS 8130; IS 8623; IS 9537 (Part 5); IS 9968 (Part 1); IS 10011; IS 10322; IS 10418; IS 13408; IS 14930; IS 15885; IS 60947,,37,,Not checked,Text PDF,Usable,https://cochinport.gov.in/sites/default/files/2025-11/TD%20LED%20Lights%20-Final%20for%20upoading%2030-10-2025%20SENT%20TO%20BIDDERS.pdf,IS 120; IS 209; IS 226; IS 280; IS 335; IS 875; IS 1852; IS 2062; IS 2509; IS 2629; IS 2633; IS 2830; IS 3975; IS 4759; IS 8623; IS 10011; IS 13408; IS 60947
1687111400.pdf,Unclassified,,,0,,Not checked,Text PDF,Extraction failed,https://bidplus.gem.gov.in/bidding/bid/documentdownload/4916321/1687111400.pdf,
rural_e_ms_11_2017.pdf,Unclassified,,,0,,Not checked,Scanned PDF,Not extractable,https://cms.tn.gov.in/cms_migrated/document/GO/rural_e_ms_11_2017.pdf,
annexure-a_2024-01-04-11-58-23_cdaaba9ce,Unclassified,,,0,,Not checked,Scanned PDF,Not extractable,https://mkp.gem.gov.in/catalog_data/catalog_support_document/buyer_documents/964935/54/78/703/CatalogAttrs/SpecificationDocument/2024/1/4/annexure-a_2024-01-04-11-58-23_cdaaba9cecfa4df78661976c6fa2310a.pdf,
1701407983.pdf,LED lighting,IS 10322; IS 16106,,2,,No,Text PDF,Usable,https://bidplus.gem.gov.in/bidding/bid/documentdownload/5615150/1701407983.pdf,
technical_sepification_of_80_wat_led_str,LED lighting,IS 10322; IS 16101; IS 16104; IS 16107,,4,,No,Text PDF,Usable,https://mkp.gem.gov.in/catalog_data/catalog_support_document/buyer_documents/473336/54/78/703/CatalogAttrs/SpecificationDocument/2023/12/12/technical_sepification_of_80_wat_led_street_light_2023-12-12-16-15-05_98c898810aa091c37c983d2fb18f70ce.pdf,
technnical_3_2026-07-04-18-00-21_dc56cd4,Unclassified,,,0,,Not checked,Text PDF,Extraction failed,https://mkp.gem.gov.in/catalog_data/catalog_support_document/buyer_documents/16868790/54/78/703/CatalogAttrs/SpecificationDocument/2026/7/4/technnical_3_2026-07-04-18-00-21_dc56cd4b81729ab7e9b147e9be439f2a.pdf,
rural_e_ms_21_2017.pdf,Unclassified,,,0,,Not checked,Scanned PDF,Not extractable,https://cms.tn.gov.in/cms_migrated/document/GO/rural_e_ms_21_2017.pdf,
Tender_Notice_Torsion_Test_Apparatus_290,LED lighting,IS 16102,,1,,No,Text PDF,Usable,https://www.bis.gov.in/other/Tender_Notice_Torsion_Test_Apparatus_29012016.pdf,
1734066044_gem-bidding-7228017.pdf,Electrical cables and wiring,IS 245; IS 694; IS 1534 (Part 1); IS 2418 (Part 1); IS 7098 (Part 1); IS 7098 (Part 2); IS 8309; IS 9974 (Part 1); IS 12402; IS 12449 (Part 1); IS 16102; IS 60840,,12,,Not checked,Text PDF,Usable,https://www.icmr.gov.in/icmrobject/uploads/Tender/1734066044_gem-bidding-7228017.pdf,IS 245; IS 12402; IS 60840
open_tender_enquiry_2025-09-16-13-35-59.,LED lighting,IS 16102,,1,,No,Text PDF,Usable,https://ucil.gov.in/public/uploads/open_tender_enquiry/open_tender_enquiry_2025-09-16-13-35-59.pdf,
c18b250009_tender_document-signed_1_2025,LED lighting,IS 10322; IS 15885; IS 16101; IS 16103; IS 16106; IS 16107; IS 16108,,7,,No,Text PDF,Usable,https://mkp.gem.gov.in/uploaded_documents/51/16/877/OrderItem/BoqDocument/2025/2/3/c18b250009_tender_document-signed_1_2025-02-03-14-40-30_f6997b03b01f79a0f750c18669954bd7.pdf,
Tender_Document2.pdf,Unclassified,IS 585; IS 870; IS 14286; IS 16664; IS 16781; IS 16911; IS 17210; IS 17293; IS 61701; IS 61730,,10,,Not checked,Text PDF,Usable,https://www.seci.co.in/uploads/tenders/Tender_Document2.pdf,IS 585; IS 870; IS 14286; IS 16664; IS 16781; IS 16911; IS 17210; IS 17293; IS 61701; IS 61730
1765451876_693aa86491b03_202504161114205,Unclassified,,,0,,Not checked,Text PDF,Extraction failed,https://dgma.gov.in/download/1765451876_693aa86491b03_202504161114205937895publishedinfo-socialmediasupportagency-update.pdf,
wbmsc-tender-2142.pdf,Unclassified,,,0,,Not checked,Text PDF,Extraction failed,https://www.wbmsc.gov.in/tender/wbmsc-tender-2142.pdf,
1714628081.pdf,LED lighting,IS 16102; IS 16102 (Part 1); IS 16102 (Part 2); IS 16102 (Part I); IS 16106,,5,,No,Text PDF,Usable,https://bidplus.gem.gov.in/bidding/bid/documentdownload/6360480/1714628081.pdf,
led_bulb_and_tube_2024-02-09-12-45-45_a9,LED lighting,IS 2418; IS 2418 (Part 1); IS 2418 (Part II); IS 15885 (Part 2); IS 16102; IS 16102 (Part 1); IS 16102 (Part 2); IS 16104; IS 16106; IS 16108,,10,,No,Text PDF,Usable,https://mkp.gem.gov.in/uploaded_documents/51/16/877/OrderItem/BoqDocument/2024/2/9/led_bulb_and_tube_2024-02-09-12-45-45_a9b2103319f1c66aa088a1bc239d9449.pdf,
item_specification_2026-03-07-10-40-50_c,LED lighting,IS 16102,,1,,No,Text PDF,Usable,https://mkp.gem.gov.in/catalog_data/catalog_support_document/buyer_documents/4115214/54/78/703/CatalogAttrs/SpecificationDocument/2026/3/7/item_specification_2026-03-07-10-40-50_c46b59baa1de96e8347a6e513a45868b.pdf,
led_14_approval_2025-03-05-10-14-41_9f79,Unclassified,,,0,,Not checked,Scanned PDF,Not extractable,https://mkp.gem.gov.in/catalog_data/catalog_support_document/buyer_documents/13102929/54/78/703/CatalogAttrs/SpecificationDocument/2025/3/5/led_14_approval_2025-03-05-10-14-41_9f79e0e7a4c621a1d15e8afafde66388.pdf,
led_bulb_9w_specifications_2025-03-05-09,Unclassified,,,0,,Not checked,Scanned PDF,Not extractable,https://mkp.gem.gov.in/catalog_data/catalog_support_document/buyer_documents/13102929/54/78/703/CatalogAttrs/SpecificationDocument/2025/3/5/led_bulb_9w_specifications_2025-03-05-09-49-53_fcd6eae46fc686b909a0075ebcc4c70c.pdf,
il_02_specs__2025-09-23-17-17-47_c99b748,Electrical cables and wiring,IS 100; IS 1415; IS 9968 (Part 1); IS 10322; IS 10322 (Part 1); IS 10322 (Part 5),,6,,Not checked,Text PDF,Usable,https://mkp.gem.gov.in/catalog_data/catalog_support_document/buyer_documents/8640287/54/78/703/CatalogAttrs/SpecificationDocument/2025/9/23/il_02_specs__2025-09-23-17-17-47_c99b748a9ef88cce915d55d3e82189ef.pdf,IS 100; IS 1415
specification_2026-02-24-15-55-16_68c207,LED lighting,IS 10322; IS 10322 (Part 1); IS 10322 (Part 5); IS 15885 (Part 2); IS 16103; IS 16105; IS 16106; IS 16107; IS 16107 (Part 2); IS 16108,,10,,No,Text PDF,Usable,https://mkp.gem.gov.in/catalog_data/catalog_support_document/buyer_documents/566213/54/78/703/CatalogAttrs/SpecificationDocument/2026/2/24/specification_2026-02-24-15-55-16_68c207fa65f669f329ebf73dc56ee6e0.pdf,
tps_2024-09-25-18-27-50_700c9385e25ed828,LED lighting,IS 10322; IS 10322 (Part 1); IS 15885 (Part 2); IS 16105; IS 16106,,5,,No,Text PDF,Usable,https://mkp.gem.gov.in/uploaded_documents/51/16/877/OrderItem/BoqDocument/2024/9/25/tps_2024-09-25-18-27-50_700c9385e25ed8287ceddd5ced5a42c2.pdf,
1782541951.pdf,LED lighting,IS 9968; IS 10322 (Part 1); IS 10322 (Part 5); IS 16104; IS 16106; IS 16107 (Part 2),,6,,No,Text PDF,Usable,https://bidplus.gem.gov.in/bidding/bid/documentdownload/9527241/1782541951.pdf,
led_2023-07-06-14-40-31_79a0acf698f42156,Electrical cables and wiring,IS 7098; IS 10322 (Part 1),,2,,No,Text PDF,Usable,https://mkp.gem.gov.in/catalog_data/catalog_support_document/buyer_documents/1864532/54/78/703/CatalogAttrs/SpecificationDocument/2023/7/6/led_2023-07-06-14-40-31_79a0acf698f4215635ffe022f2fcec41.pdf,
1724236850.pdf,Unclassified,,,0,,Not checked,Text PDF,Extraction failed,https://bidplus.gem.gov.in/bidding/bid/documentdownload/6807753/1724236850.pdf,
1785324507488_14263004A.pdf,Unclassified,,,0,,Not checked,Text PDF,Extraction failed,https://clw.indianrailways.gov.in/clw/notice/1785324507488_14263004A.pdf,
20260429711291261.pdf,LED lighting,IS 10322 (Part 5); IS 14286; IS 16046; IS 16046 (Part 2); IS 61730,,5,,Not checked,Text PDF,Usable,https://cdnbbsr.s3waas.gov.in/s3f80ff32e08a25270b5f252ce39522f72/uploads/2026/04/20260429711291261.pdf,IS 14286; IS 16046; IS 16046 (Part 2); IS 61730
Bid_doc_forDIpipes202410042024.pdf,Unclassified,,,0,,Not checked,Scanned PDF,Not extractable,https://megphed.gov.in/notices/Bid_doc_forDIpipes202410042024.pdf,
1770968745_96f1ab34d5e39ee54d3b.pdf,Unclassified,,,0,,Not checked,Other,Not extractable,https://www.phed.mp.gov.in/uploads/pdfDownloads/1770968745_96f1ab34d5e39ee54d3b.pdf,
Technical Bid_3.pdf,Pipes (PVC and GI),IS 383; IS 456; IS 638; IS 780; IS 1489; IS 1538; IS 1542; IS 1938; IS 2116; IS 2505; IS 2506; IS 2720; IS 3114; IS 3764; IS 4656; IS 5382; IS 8112; IS 8329; IS 8887; IS 12269,,20,,Not checked,Text PDF,Usable,https://www.cochinport.gov.in/sites/default/files/2024-08/Technical%20Bid_3.pdf,IS 383; IS 456; IS 638; IS 780; IS 1489; IS 1538; IS 1542; IS 1938; IS 2116; IS 2505; IS 2506; IS 2720; IS 3114; IS 3764; IS 4656; IS 5382; IS 8112; IS 8329; IS 8887; IS 12269
enit_14_med_31102024.pdf,Unclassified,,,0,,Not checked,Other,Not extractable,https://udma.wb.gov.in/public/uploads/tender_pdf/enit_14_med_31102024.pdf,
e-Tender-no-18-en.pdf,Unclassified,,,0,,Not checked,Scanned PDF,Not extractable,https://mjp.maharashtra.gov.in/wp-content/uploads/2023/03/e-Tender-no-18-en.pdf,
BID-21_5459_01.07.2026.pdf,Pipes (PVC and GI),IS 8329,,1,,Not checked,Text PDF,Usable,https://odisha.gov.in/sites/default/files/2026-07/BID-21_5459_01.07.2026.pdf,IS 8329
scope_of_work_gidc_water_line_2026-03-20,Pipes (PVC and GI),IS 8329; IS 9523,,2,,Not checked,Text PDF,Usable,https://mkp.gem.gov.in/catalog_data/catalog_support_document/buyer_documents/20207975/54/78/703/CatalogAttrs/SpecificationDocument/2026/3/20/scope_of_work_gidc_water_line_2026-03-20-12-30-12_8cdfdea9df35d69ada6bf2fb2c230f9e.pdf,IS 8329; IS 9523
TWAD Board - Guidelines for selction of ,Pipes (PVC and GI),IS 458; IS 1239; IS 1536; IS 1537; IS 3589; IS 4984; IS 7181; IS 8329; IS 14333; IS 15155; IS 15328; IS 15337; IS 16098,,13,,Not checked,Text PDF,Usable,https://www.twadboard.tn.gov.in/sites/default/files/Norms%20followed/TWAD%20Board%20-%20Guidelines%20for%20selction%20of%20Pipe%20materials%20in%20WSS%20and%20UGSS.pdf,IS 458; IS 1239; IS 1536; IS 1537; IS 3589; IS 7181; IS 8329; IS 15155; IS 15337
CWSS to 73 hab.veppur Bid_Document &Tech,Pipes (PVC and GI),IS 269; IS 432 (Part I); IS 456; IS 516; IS 783; IS 1139; IS 1199; IS 1239; IS 1520; IS 1536; IS 1537; IS 1592; IS 1710; IS 1786; IS 2253; IS 3043; IS 3114; IS 3370; IS 3589; IS 4082; IS 4097; IS 4985; IS 6530; IS 7323; IS 7634; IS 8030; IS 8112; IS 8329; IS 9103; IS 9283; IS 9523; IS 12288; IS 14182,,33,,Not checked,Text PDF,Usable,https://www.twadboard.tn.gov.in/sites/default/files/CWSS%20to%2073%20hab.veppur%20Bid_Document%20%26Technical%20specification%20.pdf,IS 269; IS 432 (Part I); IS 456; IS 516; IS 783; IS 1139; IS 1199; IS 1239; IS 1520; IS 1536; IS 1537; IS 1592; IS 1710; IS 1786; IS 2253; IS 3114; IS 3370; IS 3589; IS 4082; IS 4097; IS 6530; IS 7323; IS 8112; IS 8329; IS 9103; IS 9283; IS 9523; IS 12288; IS 14182
NH 48 at Nandhiyalam- BID DOC AND TECH S,Pipes (PVC and GI),IS 1239; IS 1536; IS 1537; IS 3043; IS 4985; IS 6530; IS 7634; IS 9523; IS 14182; IS 14220,,10,,Not checked,Text PDF,Usable,https://www.twadboard.tn.gov.in/sites/default/files/Tender/NH%2048%20at%20Nandhiyalam-%20BID%20DOC%20AND%20TECH%20SPECTN.pdf,IS 1239; IS 1536; IS 1537; IS 6530; IS 9523; IS 14182; IS 14220
1RE43JJM2NITAyrP1.pdf,Pipes (PVC and GI),IS 210; IS 269; IS 383; IS 388; IS 456; IS 702; IS 1239 (Part 1); IS 1489; IS 1536; IS 1726; IS 1846; IS 1848; IS 1916; IS 1983 (Part 1); IS 2502; IS 2834; IS 3370; IS 3370 (Part 1); IS 3589; IS 4905; IS 4985; IS 5312; IS 5822; IS 6950; IS 8329; IS 10221; IS 10500; IS 14845; IS 14846; IS 14848,,30,,Not checked,Text PDF,Usable,https://kwa.kerala.gov.in/wp-content/uploads/2021/03/1RE43JJM2NITAyrP1.pdf,IS 210; IS 269; IS 383; IS 388; IS 456; IS 702; IS 1239 (Part 1); IS 1489; IS 1536; IS 1726; IS 1846; IS 1848; IS 1916; IS 1983 (Part 1); IS 2502; IS 2834; IS 3370; IS 3370 (Part 1); IS 3589; IS 4905; IS 5312; IS 5822; IS 6950; IS 8329; IS 10221; IS 10500; IS 14845; IS 14846; IS 14848
Tendernotice_166.pdf,Pipes (PVC and GI),IS 456; IS 1199; IS 1592; IS 4985; IS 8329,,5,,Not checked,Text PDF,Usable,https://kwa.kerala.gov.in/wp-content/uploads/2021/08/Tendernotice_166.pdf,IS 456; IS 1199; IS 1592; IS 8329
04062026.pdf,Pipes (PVC and GI),IS 150; IS 383; IS 456; IS 500; IS 1390; IS 1489; IS 1796; IS 1893; IS 2185; IS 3614; IS 5382; IS 8112; IS 9103; IS 10262; IS 13592; IS 16700,,16,,Not checked,Text PDF,Usable,https://dda.gov.in/sites/default/files/tender/04062026.pdf,IS 150; IS 383; IS 456; IS 500; IS 1390; IS 1489; IS 1796; IS 1893; IS 2185; IS 3614; IS 5382; IS 8112; IS 9103; IS 10262; IS 16700
Tender-Recycled-Water-Piping-2025.pdf,Pipes (PVC and GI),IS 123; IS 210; IS 228; IS 318; IS 383; IS 432; IS 432 (Part I); IS 456; IS 457; IS 458; IS 516; IS 585; IS 650; IS 694; IS 702; IS 732; IS 771; IS 771 (Part I); IS 778; IS 780; IS 783; IS 786; IS 800; IS 1172; IS 1200; IS 1200 (Part 19); IS 1239; IS 1343; IS 1514; IS 1566; IS 1570; IS 1599; IS 1608; IS 1703; IS 1726; IS 1742; IS 1786; IS 1791; IS 1838 (Part I); IS 1893; IS 2062; IS 2064; IS 2065; IS 2204; IS 2210; IS 2274; IS 2405; IS 2430; IS 2438; IS 2502; IS 2505; IS 2506; IS 2514; IS 2527; IS 2548 (Part 1); IS 2571; IS 2645; IS 2720; IS 2720 (Part 8); IS 2722; IS 2750; IS 2751; IS 2770; IS 3025; IS 3043; IS 3073; IS 3366; IS 3370; IS 3384; IS 3385; IS 3414; IS 3558; IS 3696; IS 3764; IS 3935; IS 4014; IS 4032; IS 4038; IS 4082; IS 4111; IS 4326; IS 4656; IS 4925; IS 4985; IS 4990; IS 5120; IS 5211; IS 5329; IS 5525; IS 5600; IS 5892; IS 6784; IS 6925; IS 7242; IS 7251; IS 7558; IS 7861; IS 7969; IS 8034; IS 8112; IS 8142; IS 8989; IS 9013; IS 9103; IS 9284; IS 9417; IS 10262; IS 11993; IS 12118; IS 12235; IS 12288; IS 12330; IS 13592; IS 13827; IS 13828; IS 13920,,116,,Not checked,Text PDF,Multi-scope,https://www.iimb.ac.in/sites/default/files/inline-files/Tender-Recycled-Water-Piping-2025.pdf,
NIT_1777542017.pdf,Pipes (PVC and GI),IS 277; IS 733; IS 1285; IS 1341; IS 1868; IS 2095; IS 2095 (Part I); IS 5382; IS 6911; IS 10192; IS 12817; IS 12866; IS 13592; IS 13983; IS 15622; IS 15905,,16,,Not checked,Text PDF,Usable,https://rohp.esic.gov.in/attachments/tenderfile/NIT_1777542017.pdf,IS 277; IS 733; IS 1285; IS 1341; IS 1868; IS 2095; IS 2095 (Part I); IS 5382; IS 6911; IS 10192; IS 12817; IS 12866; IS 13983; IS 15622; IS 15905
NIT-WATER-AMRUT.pdf,Pipes (PVC and GI),IS 102; IS 210; IS 226; IS 269; IS 318; IS 325; IS 335; IS 383; IS 432; IS 455; IS 456; IS 457; IS 554; IS 778; IS 779; IS 783; IS 784; IS 814; IS 816; IS 817; IS 875; IS 875 (Part I); IS 1180; IS 1180 (Part 1); IS 1182; IS 1239; IS 1271; IS 1343; IS 1367; IS 1377; IS 1489; IS 1520; IS 1538; IS 1538 (Part I); IS 1542; IS 1554; IS 1570; IS 1608; IS 1622; IS 1710; IS 1730; IS 1747; IS 1786; IS 1852; IS 1865; IS 1888; IS 1893; IS 1894; IS 2026; IS 2062; IS 2074; IS 2099; IS 2104; IS 2254; IS 2309; IS 2386; IS 2530; IS 2595; IS 2598; IS 2692; IS 2705; IS 2825; IS 2959; IS 3025; IS 3042; IS 3043; IS 3046; IS 3073; IS 3078; IS 3347; IS 3370; IS 3370 (Part I); IS 3589; IS 3597; IS 3600; IS 3613; IS 3658; IS 3696; IS 3764; IS 3913; IS 3917; IS 3975; IS 4031; IS 4257; IS 4260; IS 4353; IS 4691; IS 4711; IS 4722; IS 4736; IS 4853; IS 4890; IS 4905; IS 4926; IS 4984; IS 5082; IS 5120; IS 5308; IS 5321; IS 5330; IS 5334; IS 5382; IS 5477; IS 5504; IS 5561; IS 5822; IS 5831; IS 6005; IS 6295; IS 6304; IS 6419; IS 6452; IS 6518; IS 6631; IS 6909; IS 7090; IS 7098; IS 7181; IS 7205; IS 7280; IS 7322; IS 7328; IS 7343; IS 7357; IS 7421; IS 7634; IS 7634 (Part 2); IS 7634 (Part II); IS 8008; IS 8008 (Part I); IS 8041; IS 8043; IS 8062; IS 8112; IS 8130; IS 8329; IS 8360 (Part I); IS 8623; IS 9137; IS 9523; IS 9595; IS 9668; IS 9845; IS 10141; IS 10146; IS 10221; IS 10500; IS 10748; IS 11682; IS 11906; IS 12269; IS 12288; IS 12330; IS 12615; IS 13095; IS 13213; IS 13349; IS 13871; IS 13920; IS 14333; IS 14845; IS 14846; IS 16676; IS 16719; IS 32475,,165,,Not checked,Text PDF,Multi-scope,https://saugor.cantt.gov.in/wp-content/uploads/sites/44/2024/10/NIT-WATER-AMRUT.pdf,
Technical_Specification.pdf,Unclassified,,,0,,Not checked,Scanned PDF,Not extractable,https://www.cipet.gov.in/tender-notice/downloads/18-09-2024-002/Technical_Specification.pdf,
Hyd machine Tender.pdf,Pipes (PVC and GI),IS 4984; IS 4985; IS 12235; IS 14151,,4,,Not checked,Text PDF,Usable,https://www.bis.gov.in/other/Hyd%20machine%20Tender.pdf,IS 14151
k32hOYr6VOtl31KIKLvAcvehGE9hwSOcQyyNUok9,Pipes (PVC and GI),IS 383; IS 455; IS 456; IS 800; IS 1077; IS 1124; IS 1489; IS 1597; IS 2645; IS 2974; IS 3370; IS 3495; IS 3629; IS 4082; IS 4985; IS 5454; IS 9103; IS 12118,,18,,Not checked,Text PDF,Usable,https://sameer.gov.in/storage/tenders/k32hOYr6VOtl31KIKLvAcvehGE9hwSOcQyyNUok9.pdf,IS 383; IS 455; IS 456; IS 800; IS 1077; IS 1124; IS 1489; IS 1597; IS 2645; IS 2974; IS 3370; IS 3495; IS 3629; IS 4082; IS 5454; IS 9103; IS 12118
17_EE_D-III_WS_KMDA_,Unclassified,,,0,,Not checked,Other,Not extractable,https://kmda.wb.gov.in/upload_file/tender/17_EE_D-III_WS_KMDA_,
Tender05_06_2026.pdf,Pipes (PVC and GI),IS 4984; IS 12786,,2,,Not checked,Text PDF,Usable,https://agriculturemizoram.nic.in/Downloads/Tender05_06_2026.pdf,IS 12786
NIQ12_4e821e0d-1a98-4717-9a29-31c07b111a,Unclassified,,,0,,Not checked,Other,Not extractable,https://cewacor.nic.in/Document/2024/January/Work_Documents/Applicant_Recno1//NIQ12_4e821e0d-1a98-4717-9a29-31c07b111aad.pdf,
37_Merge 1 Detailed Project Report Pollu,Unclassified,,,0,,Not checked,Other,Not extractable,https://www.nmcg.nic.in/writereaddata/fileupload/37_Merge%201%20Detailed%20Project%20Report%20Pollution%20Abatement%20of%20Tolly,
FINAL_GEM_BID_PUBLISHED_0.pdf,Pipes (PVC and GI),IS 285; IS 808; IS 863; IS 1786; IS 3513 (Part 2); IS 3757; IS 4984; IS 5715; IS 5725; IS 6312; IS 6623; IS 6649; IS 60898 (Part 1); IS 60947 (Part 2),,14,,Not checked,Text PDF,Usable,https://sjvn.nic.in/sites/default/files/2026-06/FINAL_GEM_BID_PUBLISHED_0.pdf,IS 285; IS 808; IS 863; IS 1786; IS 3513 (Part 2); IS 3757; IS 5715; IS 5725; IS 6312; IS 6623; IS 6649; IS 60898 (Part 1); IS 60947 (Part 2)
1733734243.pdf,Pipes (PVC and GI),IS 15778,,1,,No,Text PDF,Usable,https://bidplus.gem.gov.in/bidding/bid/documentdownload/7220098/1733734243.pdf,
afbe14dc30295b79ea52cbfa9d52f160.pdf,Electrical cables and wiring,IS 694; IS 798; IS 1554 (Part 1); IS 2721; IS 3099; IS 4595; IS 4985; IS 5653; IS 6175; IS 7098 (Part 1); IS 7809 (Part 3); IS 10124; IS 14933; IS 15778; IS 16014,,15,,Not checked,Text PDF,Usable,https://rokarnataka.esic.gov.in/attachments/tenderfile/afbe14dc30295b79ea52cbfa9d52f160.pdf,IS 798; IS 2721; IS 3099; IS 4595; IS 5653; IS 6175; IS 7809 (Part 3); IS 14933; IS 16014
1722234857_Vol-3.pdf,Pipes (PVC and GI),IS 2556; IS 2878; IS 3224; IS 4947; IS 4989 (Part II); IS 7285; IS 10204; IS 12701; IS 13592; IS 13849; IS 14609; IS 15778,,12,,Not checked,Text PDF,Usable,https://epi.gov.in/admin/image/tenders/1722234857_Vol-3.pdf,IS 2556; IS 2878; IS 3224; IS 4947; IS 4989 (Part II); IS 7285; IS 10204; IS 12701; IS 13849; IS 14609
Fr-06-2022-06-39-36Tender BRL microbiolo,Pipes (PVC and GI),IS 303; IS 1200; IS 2046; IS 2835; IS 6315; IS 13592; IS 15778,,7,,Not checked,Text PDF,Usable,https://www.wbpcb.gov.in/files/Fr-06-2022-06-39-36Tender%20BRL%20microbiology%20room%20civil%20pdf.pdf,IS 303; IS 1200; IS 2046; IS 2835; IS 6315
20231118104624.pdf,Electrical cables and wiring,IS 732; IS 1285; IS 1868; IS 2835; IS 3564; IS 4457; IS 10151; IS 15622; IS 15778,,9,,Not checked,Text PDF,Usable,https://kolkatacustoms.gov.in/storage/uploads/custom_notice_order/20231118104624.pdf,IS 1285; IS 1868; IS 2835; IS 3564; IS 4457; IS 10151; IS 15622
26c1197.pdf,Electrical cables and wiring,IS 104; IS 112; IS 210; IS 266; IS 325; IS 335; IS 444; IS 531; IS 778; IS 780; IS 822; IS 875; IS 884; IS 901; IS 903; IS 933; IS 1069; IS 1146; IS 1180 (Part 1); IS 1239; IS 1248; IS 1641; IS 1761; IS 1885; IS 2026; IS 2062; IS 2099; IS 2147; IS 2171; IS 2176; IS 2190; IS 2202; IS 2379; IS 2551; IS 2705; IS 2872; IS 2878; IS 2932; IS 3043; IS 3136; IS 3156; IS 3224; IS 3231; IS 3347; IS 3427; IS 3624; IS 3639; IS 3842; IS 3844; IS 4237; IS 4540; IS 4985; IS 5051; IS 5082; IS 5312 (Part 1); IS 5424; IS 5522; IS 5903; IS 6071; IS 6382; IS 6392; IS 7834; IS 8034; IS 8320; IS 8544; IS 8623; IS 10118; IS 11108; IS 11355; IS 13095; IS 13118; IS 13592; IS 13947; IS 14735; IS 15549,,75,,Not checked,Text PDF,Multi-scope,https://www.tcil.net.in/tender/pdf/26c1197.pdf,
RFP.pdf,Electrical cables and wiring,IS 209; IS 277; IS 458; IS 694; IS 732; IS 875 (Part III); IS 1172; IS 1293; IS 1400; IS 1641; IS 1644; IS 1646; IS 1786; IS 1913; IS 2147; IS 2551; IS 3043; IS 3224; IS 3231; IS 3480; IS 3837; IS 3854; IS 4237; IS 4615; IS 4736; IS 4985; IS 5133; IS 5216; IS 5329; IS 6315; IS 6745; IS 7285; IS 8623; IS 8828; IS 9537; IS 9537 (Part 3); IS 10118; IS 11353; IS 12640; IS 13021 (Part I); IS 13021 (Part II); IS 13947; IS 15622; IS 15683; IS 16104; IS 16105; IS 16106; IS 16107 (Part 1); IS 16107 (Part 2),,49,,Not checked,Text PDF,Multi-scope,https://www.nmrcnoida.com/Content/pdf/184_01/RFP.pdf,
Bid Document-Vol.II_1.pdf,Unclassified,,,0,,Not checked,Other,Not extractable,https://www.twadboard.tn.gov.in/sites/default/files/Tender/Bid%20Document-Vol.II_1.pdf,
E-TENDER-NOTICE_0.pdf,Unclassified,,,0,,Not checked,Other,Not extractable,https://kwa.kerala.gov.in/wp-content/uploads/2021/03/E-TENDER-NOTICE_0.pdf,
NIT_JJM_Williamnagar_2024.pdf,Unclassified,,,0,,Not checked,Other,Not extractable,https://megphed.gov.in/notices/NIT_JJM_Williamnagar_2024.pdf,
NIT-04_SE_WC_WS_KMDA_of_2024-25.pdf,Unclassified,,,0,,Not checked,Other,Not extractable,https://kmda.wb.gov.in/upload_file/tender/NIT-04_SE_WC_WS_KMDA_of_2024-25.pdf,
Tender_Pipes.pdf,Unclassified,,,0,,Not checked,Other,Not extractable,https://www.cochinport.gov.in/sites/default/files/2023-08/Tender_Pipes.pdf,
NIT_05_EE_WD13_DDA.pdf,Unclassified,,,0,,Not checked,Other,Not extractable,https://dda.gov.in/sites/default/files/tender/NIT_05_EE_WD13_DDA.pdf,
Tender-Water-Piping-Works.pdf,Unclassified,,,0,,Not checked,Other,Not extractable,https://www.iimb.ac.in/sites/default/files/inline-files/Tender-Water-Piping-Works.pdf,
1691234567.pdf,Unclassified,,,0,,Not checked,Other,Not extractable,https://bidplus.gem.gov.in/bidding/bid/documentdownload/4201211/1691234567.pdf,
specc11_2024-07-29-11-25-42_efee840533ef,Pipes (PVC and GI),IS 4984,,1,,No,Text PDF,Usable,https://mkp.gem.gov.in/catalog_data/catalog_support_document/buyer_documents/1544194/54/78/703/CatalogAttrs/SpecificationDocument/2024/7/29/specc11_2024-07-29-11-25-42_efee840533ef7d34a323ecea84cd37da.pdf,
Technical_Bid_Section_1_to_5_pdf-2023-Oc,Electrical cables and wiring,IS 100; IS 269; IS 277; IS 300; IS 325; IS 335; IS 375; IS 424; IS 455; IS 456; IS 458; IS 554; IS 636; IS 638; IS 694; IS 722; IS 732; IS 778; IS 780; IS 781; IS 800; IS 814; IS 817; IS 875; IS 875 (Part 1); IS 884; IS 900; IS 901; IS 902; IS 903; IS 904; IS 907; IS 908; IS 909; IS 937; IS 1018; IS 1030; IS 1239; IS 1248; IS 1343; IS 1489; IS 1520; IS 1536; IS 1537; IS 1538; IS 1554; IS 1568; IS 1570; IS 1641; IS 1642; IS 1643; IS 1644; IS 1646; IS 1727; IS 1785; IS 1786; IS 1822; IS 1893; IS 1904; IS 1944; IS 2026; IS 2026 (Part 1); IS 2062; IS 2099; IS 2147; IS 2190; IS 2208; IS 2256 (Part 7); IS 2274; IS 2309; IS 2516; IS 2556; IS 2592; IS 2705; IS 2705 (Part 1); IS 2713; IS 2834; IS 2871; IS 2930; IS 2950; IS 2959; IS 3034; IS 3043; IS 3156; IS 3156 (Part 1); IS 3202; IS 3231; IS 3346; IS 3370; IS 3370 (Part I); IS 3427; IS 3589; IS 3614; IS 3624; IS 3646; IS 3716; IS 3792; IS 3812; IS 3837; IS 3844; IS 3939; IS 3961; IS 3975; IS 3989; IS 4029; IS 4031 (Part 6); IS 4047; IS 4146; IS 4201; IS 4326; IS 4722; IS 4729; IS 4889; IS 5082; IS 5290; IS 5553; IS 5571; IS 5572; IS 5831; IS 6073; IS 6121; IS 6392; IS 6600; IS 6665; IS 7098; IS 7637; IS 7752; IS 7816; IS 8090; IS 8130; IS 8142; IS 8329; IS 8442; IS 8478; IS 8623; IS 8757; IS 9457; IS 9537; IS 9595; IS 9668; IS 9972; IS 10028; IS 10028 (Part II); IS 10221; IS 10270; IS 10297; IS 10418; IS 10561; IS 10810; IS 11101; IS 11171; IS 11353; IS 11384; IS 11447; IS 12089; IS 12349; IS 12360; IS 12407; IS 12469; IS 12585; IS 12592; IS 12823; IS 12894; IS 12933; IS 13039; IS 13095; IS 13118; IS 13346; IS 13408; IS 13592; IS 13779; IS 13920; IS 13947; IS 14268; IS 15105; IS 15450; IS 15477; IS 15622; IS 15778; IS 15916; IS 15917; IS 16415; IS 16471; IS 17505; IS 18189; IS 60947; IS 62305,,187,,Not checked,Text PDF,Multi-scope,https://www.rites.com/Upload/Tender/Technical_Bid_Section_1_to_5_pdf-2023-Oct-27-10-32-38.pdf,
2_tender2020-1.pdf,Electrical cables and wiring,IS 100; IS 210; IS 236; IS 277; IS 307; IS 335; IS 487; IS 636; IS 694; IS 780; IS 800; IS 813; IS 816; IS 820; IS 875; IS 884; IS 903; IS 1161; IS 1180; IS 1239; IS 1248; IS 1363; IS 1477; IS 1538; IS 1601; IS 1651; IS 1879 (Part 1); IS 1886; IS 1893; IS 2026; IS 2026 (Part I); IS 2062; IS 2190; IS 2386 (Part i); IS 2386 (Part iv); IS 2576; IS 2667; IS 2705 (Part I); IS 3224; IS 3589; IS 3844; IS 4038; IS 5082; IS 5132; IS 5290; IS 5312; IS 5640; IS 6392; IS 7098; IS 7285; IS 8130; IS 8623; IS 10002; IS 10221; IS 10500; IS 11149; IS 11171; IS 13947; IS 15105; IS 15683,,60,,Not checked,Text PDF,Multi-scope,https://www.mea.gov.in/Portal/Tender/4337_1/2_tender2020-1.pdf,
c5c7462d-890c-4699-b4c1-6ae7c75ed379.pdf,Unclassified,IS 456; IS 516; IS 612; IS 707; IS 733; IS 1003; IS 1038; IS 1081; IS 1199; IS 1285; IS 1489; IS 1868; IS 2190; IS 2386; IS 2835; IS 3989; IS 4043; IS 4925; IS 6057; IS 7088; IS 7969; IS 8112; IS 9103; IS 12330; IS 13753; IS 13755; IS 15622,,27,,Not checked,Text PDF,Usable,https://sportsauthorityofindia.gov.in/sai_new/public/assets/uploads/tenders/c5c7462d-890c-4699-b4c1-6ae7c75ed379.pdf,IS 456; IS 516; IS 612; IS 707; IS 733; IS 1003; IS 1038; IS 1081; IS 1199; IS 1285; IS 1489; IS 1868; IS 2190; IS 2386; IS 2835; IS 3989; IS 4043; IS 4925; IS 6057; IS 7088; IS 7969; IS 8112; IS 9103; IS 12330; IS 13753; IS 13755; IS 15622
1000_2026-02-09-17-29-00_bab7b8f4743e00c,Pipes (PVC and GI),IS 4985,,1,,No,Text PDF,Usable,https://mkp.gem.gov.in/catalog_data/catalog_support_document/buyer_documents/101293/54/78/703/CatalogAttrs/SpecificationDocument/2026/2/9/1000_2026-02-09-17-29-00_bab7b8f4743e00cb65542c38a6f7e34d.pdf,
1780737906.pdf,Unclassified,IS 760; IS 2530; IS 7328; IS 14885,,4,,Not checked,Text PDF,Usable,https://bidplus.gem.gov.in/bidding/bid/documentdownload/9432066/1780737906.pdf,IS 760; IS 2530; IS 7328
enit_14_med_08012025.pdf,Unclassified,,,0,,Not checked,Other,Not extractable,https://udma.wb.gov.in/public/uploads/tender_pdf/enit_14_med_08012025.pdf,
Bid-Document-DI-Pipes.pdf,Pipes (PVC and GI),IS 5382; IS 8329; IS 11606,,3,,Not checked,Text PDF,Usable,https://megphed.gov.in/tenders/Bid-Document-DI-Pipes.pdf,IS 5382; IS 8329; IS 11606
PMWD_Tender_24102017.pdf,Unclassified,,,0,,Not checked,Other,Not extractable,https://www.bis.gov.in/other/PMWD_Tender_24102017.pdf,
1715775667.pdf,Pipes (PVC and GI),IS 4984,,1,,No,Text PDF,Usable,https://bidplus.gem.gov.in/bidding/bid/documentdownload/6406831/1715775667.pdf,
tender-notice-for-supply-of-lldpe-hdpe-p,Unclassified,,,0,,Not checked,Scanned PDF,Not extractable,https://horticulture.mizoram.gov.in/uploads/attachments/2024/10/e052647b6d37e6ca9359cd9c7d1870c8/tender-notice-for-supply-of-lldpe-hdpe-pipes.pdf,
purchase_tender_2025-09-09-17-58-55.pdf,Pipes (PVC and GI),IS 4984,,1,,No,Text PDF,Usable,https://ucil.gov.in/public/uploads/purchase_tender/purchase_tender_2025-09-09-17-58-55.pdf,
final_tech_specs_2026-05-18-12-16-41_84f,Pipes (PVC and GI),IS 4984,,1,,No,Text PDF,Usable,https://mkp.gem.gov.in/catalog_data/catalog_support_document/buyer_documents/18700182/54/78/703/CatalogAttrs/SpecificationDocument/2026/5/18/final_tech_specs_2026-05-18-12-16-41_84f4d5fb7a31458b46683242e2fa1206.pdf,
tech_spec_hdpe_pipe_280_mm__dbm_2026-07-,Pipes (PVC and GI),IS 4984,,1,,No,Text PDF,Usable,https://mkp.gem.gov.in/catalog_data/catalog_support_document/buyer_documents/659643/54/78/703/CatalogAttrs/SpecificationDocument/2026/7/4/tech_spec_hdpe_pipe_280_mm__dbm_2026-07-04-19-05-16_c305c36e60097d3cae0d535a91c24b48.pdf,
21-02-2024-14.pdf,Unclassified,,,0,,Not checked,Other,Not extractable,https://forest.wb.gov.in/download/21-02-2024-14.pdf,
033-PHE.pdf,Unclassified,,,0,,Not checked,Other,Not extractable,https://kolkatapolice.gov.in/wp-content/uploads/2026/06/033-PHE.pdf,
ETH_7000024960_311022.pdf,Pipes (PVC and GI),IS 150; IS 1367 (Part 3); IS 1729; IS 2202 (Part I); IS 3043; IS 4985; IS 6313 (Part III); IS 6746; IS 7834; IS 11551; IS 13592; IS 14735; IS 14856; IS 15622; IS 15778; IS 16098,,16,,Not checked,Text PDF,Usable,https://www.mcgm.gov.in/irj/go/km/docs/documents/Tenders/ETH/ETH_7000024960_311022.pdf,IS 150; IS 1367 (Part 3); IS 1729; IS 2202 (Part I); IS 6313 (Part III); IS 6746; IS 11551; IS 14856; IS 15622
ilovepdf_merged_3.pdf,Pipes (PVC and GI),IS 15778,,1,,No,Text PDF,Usable,https://fremaa.assam.gov.in/sites/default/files/swf_utility_folder/departments/fremaa_webcomindia_org_oid_4/menu/right_menu/right_menu/ilovepdf_merged_3.pdf,
MJP-SSR-2021-22.pdf,Pipes (PVC and GI),IS 210; IS 458; IS 783; IS 784; IS 1239; IS 1536; IS 1538; IS 1865; IS 3531; IS 3589; IS 4984; IS 4985; IS 7634 (Part II); IS 8329; IS 9523; IS 10221; IS 10500; IS 10553 (Part II); IS 12820; IS 13095; IS 13382; IS 13620; IS 14845; IS 14846; IS 15155; IS 16098; IS 16676,,27,,Not checked,Text PDF,Usable,https://mjp.maharashtra.gov.in/wp-content/uploads/2023/01/MJP-SSR-2021-22.pdf,IS 210; IS 458; IS 783; IS 784; IS 1239; IS 1536; IS 1538; IS 1865; IS 3531; IS 3589; IS 8329; IS 9523; IS 10221; IS 10500; IS 10553 (Part II); IS 12820; IS 13095; IS 13382; IS 13620; IS 14845; IS 14846; IS 15155; IS 16676
17_EE_D-III_WS_KMDA_(3rd_call).pdf,Unclassified,,,0,,Not checked,Other,Not extractable,https://kmda.wb.gov.in/upload_file/tender/17_EE_D-III_WS_KMDA_(3rd_call).pdf,
Chenna Kuppam Well No.4 Schedule A_0.pdf,Pipes (PVC and GI),IS 1239; IS 4985,,2,,Not checked,Text PDF,Usable,https://www.twadboard.tn.gov.in/sites/default/files/Tender/Chenna%20Kuppam%20Well%20No.4%20Schedule%20A_0.pdf,IS 1239
